"","index:ID","actordata",":LABEL"
"1",30001,"克里斯蒂安·贝尔","演員"
"2",30002,"希斯·莱杰","演員"
"3",30003,"艾伦·艾克哈特","演員"
"4",30004,"迈克尔·凯恩","演員"
"5",30005,"玛吉·吉伦哈尔","演員"
"6",30006,"加里·奥德曼","演員"
"7",30007,"摩根·弗里曼","演員"
"8",30008,"莫尼克·加布里埃拉·库尔内","演員"
"9",30009,"罗恩·迪恩","演員"
"10",30010,"基里安·墨菲","演員"
"11",30011,"黄经汉","演員"
"12",30012,"内斯特·卡博内尔","演員"
"13",30013,"埃里克·罗伯茨","演員"
"14",30014,"里特奇·科斯特","演員"
"15",30015,"安东尼·迈克尔·豪尔","演員"
"16",30016,"基斯·斯扎拉巴基克","演員"
"17",30017,"柯林·麦克法兰","演員"
"18",30018,"约书亚·哈尔托","演員"
"19",30019,"美琳达·麦格劳","演員"
"20",30020,"内森·甘宝","演員"
"21",30021,"迈克尔·维约","演員"
"22",30022,"迈克尔·斯托扬诺夫","演員"
"23",30023,"威廉·斯米利","演員"
"24",30024,"丹尼·高德林","演員"
"25",30025,"迈克尔·加·怀特","演員"
"26",30026,"马修·奥尼尔","演員"
"27",30027,"威廉·菲德内尔","演員"
"28",30028,"欧鲁米基·欧拉乌米","演員"
"29",30029,"格雷格·比姆","演員"
"30",30030,"爱利克·赫尔曼","演員"
"31",30031,"毕崔斯·罗森","演員"
"32",30032,"文森佐·尼克力","演員"
"33",30033,"陈冠希","演員"
"34",30034,"费雯·丽","演員"
"35",30035,"克拉克·盖博","演員"
"36",30036,"奥利维娅·德哈维兰","演員"
"37",30037,"托马斯·米切尔","演員"
"38",30038,"芭芭拉·欧内尔","演員"
"39",30039,"伊夫林·凯耶斯","演員"
"40",30040,"安·卢瑟福德","演員"
"41",30041,"乔治·里弗斯","演員"
"42",30042,"弗莱德·克莱恩","演員"
"43",30043,"海蒂·麦克丹尼尔斯","演員"
"44",30044,"奥斯卡·波尔克","演員"
"45",30045,"巴特弗莱·麦昆","演員"
"46",30046,"维克托·乔里","演員"
"47",30047,"埃弗雷特·布朗","演員"
"48",30048,"霍华德·C·希克曼","演員"
"49",30049,"艾丽西亚·瑞特","演員"
"50",30050,"莱斯利·霍华德","演員"
"51",30051,"兰德·布鲁克斯","演員"
"52",30052,"卡洛尔·奈","演員"
"53",30053,"劳拉·霍普·克鲁斯","演員"
"54",30054,"埃迪·安德森","演員"
"55",30055,"哈里·达文波特","演員"
"56",30056,"利昂娜·罗伯特","演員"
"57",30057,"简·达威尔","演員"
"58",30058,"欧娜·满森","演員"
"59",30059,"保罗·赫斯特","演員"
"60",30060,"伊莎贝尔·朱尔","演員"
"61",30061,"卡米·金·肯伦","演員"
"62",30062,"艾瑞克·林登","演員"
"63",30063,"J·M·克里根","演員"
"64",30064,"沃德·邦德","演員"
"65",30065,"莉莲·肯布尔-库珀","演員"
"66",30066,"葛优","演員"
"67",30067,"巩俐","演員"
"68",30068,"姜武","演員"
"69",30069,"牛犇","演員"
"70",30070,"郭涛","演員"
"71",30071,"张璐","演員"
"72",30072,"倪大红","演員"
"73",30073,"肖聪","演員"
"74",30074,"董飞","演員"
"75",30075,"刘天池","演員"
"76",30076,"董立范","演員"
"77",30077,"黄宗洛","演員"
"78",30078,"刘燕瑾","演員"
"79",30079,"李连义","演員"
"80",30080,"杨同顺","演員"
"81",30081,"苏拉·沙玛","演員"
"82",30082,"伊尔凡·可汗","演員"
"83",30083,"拉菲·斯波","演員"
"84",30084,"阿迪勒·侯赛因","演員"
"85",30085,"塔布","演員"
"86",30086,"阿尤什·坦东","演員"
"87",30087,"加塔姆·贝鲁尔","演員"
"88",30088,"阿彦·汗","演員"
"89",30089,"穆德·阿巴斯·卡勒里","演員"
"90",30090,"维比什·希瓦库玛","演員"
"91",30091,"热拉尔·德帕迪约","演員"
"92",30092,"詹姆斯·塞托","演員"
"93",30093,"俊·奈托","演員"
"94",30094,"安德里亚·迪·斯戴法诺","演員"
"95",30095,"沙拉万提·塞纳特","演員"
"96",30096,"王柏杰","演員"
"97",30097,"柯一正","演員"
"98",30098,"黄健玮","演員"
"99",30099,"泰隆·鲍华","演員"
"100",30100,"玛琳·黛德丽","演員"
"101",30101,"查尔斯·劳顿","演員"
"102",30102,"爱尔莎·兰切斯特","演員"
"103",30103,"约翰·威廉姆斯","演員"
"104",30104,"亨利·丹尼尔","演員"
"105",30105,"伊安·沃尔夫","演員"
"106",30106,"托林·撒切尔","演員"
"107",30107,"诺玛·威登","演員"
"108",30108,"尤娜·奥康纳","演員"
"109",30109,"茹塔·李","演員"
"110",30110,"安东内拉·阿蒂利","演員"
"111",30111,"恩佐·卡拉瓦勒","演員"
"112",30112,"艾萨·丹尼埃利","演員"
"113",30113,"里奥·故罗塔","演員"
"114",30114,"马克·莱昂纳蒂","演員"
"115",30115,"普佩拉·玛奇奥","演員"
"116",30116,"阿格妮丝·那诺","演員"
"117",30117,"莱奥波多·特里耶斯泰","演員"
"118",30118,"萨瓦特利·卡西欧","演員"
"119",30119,"尼古拉·迪·平托","演員"
"120",30120,"罗伯塔·蕾娜","演員"
"121",30121,"尼诺·戴罗佐","演員"
"122",30122,"雅克·贝汉","演員"
"123",30123,"菲利普·努瓦雷","演員"
"124",30124,"玛丽娜·朱迪切","演員"
"125",30125,"比阿特丽斯·帕姆","演員"
"126",30126,"罗斯科·阿巴克尔","演員"
"127",30127,"茹涅·阿斯托尔","演員"
"128",30128,"伊格纳齐奥·巴尔萨莫","演員"
"129",30129,"碧姬·芭铎","演員"
"130",30130,"约翰·巴里摩尔","演員"
"131",30131,"伊萨·巴尔齐扎","演員"
"132",30132,"英格丽·褒曼","演員"
"133",30133,"维尔玛·班基","演員"
"134",30134,"克拉拉·卡拉马伊","演員"
"135",30135,"查理·卓别林","演員"
"136",30136,"加里·库珀","演員"
"137",30137,"维托里奥·德·西卡","演員"
"138",30138,"柯克·道格拉斯","演員"
"139",30139,"埃罗尔·弗林","演員"
"140",30140,"布丽吉特·佛西","演員"
"141",30141,"让·迦本","演員"
"142",30142,"葛丽泰·嘉宝","演員"
"143",30143,"维托里奥·加斯曼","演員"
"144",30144,"马西莫·吉洛蒂","演員"
"145",30145,"法利·格兰杰","演員"
"146",30146,"加里·格兰特","演員"
"147",30147,"乔治亚·黑尔","演員"
"148",30148,"劳伦斯·哈维","演員"
"149",30149,"海伦·海丝","演員"
"150",30150,"路易·茹韦","演員"
"151",30151,"安娜·马尼亚尼","演員"
"152",30152,"西尔瓦娜·曼加诺","演員"
"153",30153,"马塞洛·马斯楚安尼","演員"
"154",30154,"阿梅德奥·纳扎里","演員"
"155",30155,"苏济·普里姆","演員"
"156",30156,"唐娜·里德","演員"
"157",30157,"简·拉塞尔","演員"
"158",30158,"罗莎琳德·拉塞尔","演員"
"159",30159,"伊冯娜·桑松","演員"
"160",30160,"玛丽亚·雪儿","演員"
"161",30161,"瑙玛·希拉","演員"
"162",30162,"西蒙·西涅莱","演員"
"163",30163,"阿尔贝托·索尔迪","演員"
"164",30164,"詹姆斯·斯图尔特","演員"
"165",30165,"朱塞佩·托纳多雷","演員"
"166",30166,"托托","演員"
"167",30167,"斯宾塞·屈塞","演員"
"168",30168,"克莱尔·特雷弗","演員"
"169",30169,"鲁道夫·瓦伦蒂诺","演員"
"170",30170,"阿莉达·瓦利","演員"
"171",30171,"约翰·韦恩","演員"
"172",30172,"姜文","演員"
"173",30173,"香川照之","演員"
"174",30174,"袁丁","演員"
"175",30175,"姜宏波","演員"
"176",30176,"丛志军","演員"
"177",30177,"喜子","演員"
"178",30178,"泽田谦也","演員"
"179",30179,"李海滨","演員"
"180",30180,"蔡卫东","演員"
"181",30181,"陈述","演員"
"182",30182,"陈莲梅","演員"
"183",30183,"史建全","演員"
"184",30184,"陈强","演員"
"185",30185,"宫路佳具","演員"
"186",30186,"吴大维","演員"
"187",30187,"梶冈润一","演員"
"188",30188,"石山雄大","演員"
"189",30189,"述平","演員"
"190",30190,"维果·莫腾森","演員"
"191",30191,"伊莱贾·伍德","演員"
"192",30192,"西恩·奥斯汀","演員"
"193",30193,"丽芙·泰勒","演員"
"194",30194,"伊恩·麦克莱恩","演員"
"195",30195,"奥兰多·布鲁姆","演員"
"196",30196,"凯特·布兰切特","演員"
"197",30197,"米兰达·奥图","演員"
"198",30198,"安迪·瑟金斯","演員"
"199",30199,"雨果·维文","演員"
"200",30200,"多米尼克·莫纳汉","演員"
"201",30201,"比利·博伊德","演員"
"202",30202,"马尔顿·索克斯","演員"
"203",30203,"卡尔·厄本","演員"
"204",30204,"克里斯托弗·李","演員"
"205",30205,"约翰·瑞斯-戴维斯","演員"
"206",30206,"亨利·方达","演員"
"207",30207,"马丁·鲍尔萨姆","演員"
"208",30208,"约翰·菲德勒","演員"
"209",30209,"李·科布","演員"
"210",30210,"E.G.马绍尔","演員"
"211",30211,"杰克·克卢格曼 ","演員"
"212",30212,"爱德华·宾斯","演員"
"213",30213,"杰克·瓦尔登","演員"
"214",30214,"约瑟夫·史威尼","演員"
"215",30215,"埃德·贝格利","演員"
"216",30216,"乔治·沃斯科维奇","演員"
"217",30217,"罗伯特·韦伯","演員"
"218",30218,"田中真弓","演員"
"219",30219,"横泽启子","演員"
"220",30220,"初井言荣","演員"
"221",30221,"寺田农","演員"
"222",30222,"常田富士男","演員"
"223",30223,"永井一郎","演員"
"224",30224,"糸博","演員"
"225",30225,"鹫尾真知子","演員"
"226",30226,"神山卓三","演員"
"227",30227,"安原义人","演員"
"228",30228,"槐柳二","演員"
"229",30229,"鳕子","演員"
"230",30230,"阿米尔·汗","演員"
"231",30231,"法缇玛·萨那·纱卡","演員"
"232",30232,"桑亚·玛荷塔","演員"
"233",30233,"阿帕尔夏克提·库拉那","演員"
"234",30234,"沙克希·坦沃","演員"
"235",30235,"塞伊拉·沃西","演員"
"236",30236,"苏哈妮·巴特纳格尔","演員"
"237",30237,"里特维克·萨霍里","演員"
"238",30238,"吉里什·库卡尼","演員"
"239",30239,"爱德华·阿斯纳","演員"
"240",30240,"克里斯托弗·普卢默","演員"
"241",30241,"乔丹·长井","演員"
"242",30242,"鲍勃·彼德森","演員"
"243",30243,"戴尔里·林多","演員"
"244",30244,"杰罗姆·兰福特","演員"
"245",30245,"约翰·拉岑贝格","演員"
"246",30246,"大卫·卡耶","演員"
"247",30247,"艾丽·道克特","演員"
"248",30248,"杰里米·利里","演員"
"249",30249,"米凯·麦高万","演員"
"250",30250,"丹尼·曼恩","演員"
"251",30251,"唐纳德·富利洛夫","演員"
"252",30252,"杰斯·哈梅尔","演員"
"253",30253,"乔什·库雷","演員"
"254",30254,"彼特·道格特","演員"
"255",30255,"周星驰","演員"
"256",30256,"吴孟达","演員"
"257",30257,"罗家英","演員"
"258",30258,"蓝洁瑛","演員"
"259",30259,"莫文蔚","演員"
"260",30260,"江约诚","演員"
"261",30261,"陆树铭","演員"
"262",30262,"刘镇伟","演員"
"263",30263,"朱茵","演員"
"264",30264,"李健仁","演員"
"265",30265,"爱德华·诺顿","演員"
"266",30266,"布拉德·皮特","演員"
"267",30267,"海伦娜·伯翰·卡特","演員"
"268",30268,"扎克·格雷尼尔","演員"
"269",30269,"米特·洛夫","演員"
"270",30270,"杰瑞德·莱托","演員"
"271",30271,"艾恩·贝利","演員"
"272",30272,"里奇蒙德·阿奎特 ","演員"
"273",30273,"乔治·马奎尔","演員"
"274",30274,"奥黛丽·赫本","演員"
"275",30275,"格利高里·派克","演員"
"276",30276,"埃迪·艾伯特","演員"
"277",30277,"哈特利·鲍尔","演員"
"278",30278,"哈考特·威廉姆斯","演員"
"279",30279,"Margaret Rawlings","演員"
"280",30280,"托里奥·卡米纳提","演員"
"281",30281,"Paolo Carlini","演員"
"282",30282,"Claudio Ermelli","演員"
"283",30283,"保拉·布鲁布尼","演員"
"284",30284,"里佐·弗雷多里佐","演員"
"285",30285,"Laura Solari","演員"
"286",30286,"Gorella Gori","演員"
"287",30287,"Armando Annuale","演員"
"288",30288,"Maurizio Arena","演員"
"289",30289,"Silvio Bagolini","演員"
"290",30290,"Gildo Bocci","演員"
"291",30291,"Franco Corsaro","演員"
"292",30292,"John Cortay","演員"
"293",30293,"Vittoria Crispo","演員"
"294",30294,"Sidney Gordon","演員"
"295",30295,"Luigi Moneta","演員"
"296",30296,"Piero Pastore","演員"
"297",30297,"Mimmo Poli","演員"
"298",30298,"Carlo Rizzo","演員"
"299",30299,"Gianna Segale","演員"
"300",30300,"Amedeo Trilli","演員"
"301",30301,"Helen Tubbs","演員"
"302",30302,"Marco Tulli","演員"
"303",30303,"Joop van Hulzen","演員"
"304",30304,"Catherine Wyler","演員"
"305",30305,"Judy Wyler","演員"
"306",30306,"倍赏千惠子","演員"
"307",30307,"木村拓哉","演員"
"308",30308,"美轮明宏","演員"
"309",30309,"我修院达也","演員"
"310",30310,"神木隆之介","演員"
"311",30311,"伊崎充则","演員"
"312",30312,"大泉洋","演員"
"313",30313,"大塚明夫","演員"
"314",30314,"原田大二郎","演員"
"315",30315,"加藤治子","演員"
"316",30316,"都筑香弥子","演員"
"317",30317,"阿尔·帕西诺","演員"
"318",30318,"克里斯·奥唐纳","演員"
"319",30319,"詹姆斯·瑞布霍恩","演員"
"320",30320,"加布里埃尔·安瓦尔","演員"
"321",30321,"菲利普·塞默·霍夫曼","演員"
"322",30322,"理查德·文彻","演員"
"323",30323,"布莱德利·惠特福德","演員"
"324",30324,"罗谢尔·奥利弗","演員"
"325",30325,"Margaret Eginton","演員"
"326",30326,"Tom Riis Farrell","演員"
"327",30327,"Nicholas Sadler","演員"
"328",30328,"托德·路易斯","演員"
"329",30329,"马特·史密斯","演員"
"330",30330,"吉恩·坎菲尔德","演員"
"331",30331,"弗兰西丝·康罗伊","演員"
"332",30332,"宋康昊","演員"
"333",30333,"吴达洙","演員"
"334",30334,"金英爱","演員"
"335",30335,"郭度沅","演員"
"336",30336,"任时完","演員"
"337",30337,"乌尔里希·穆埃","演員"
"338",30338,"马蒂娜·格德克","演員"
"339",30339,"塞巴斯蒂安·科赫","演員"
"340",30340,"乌尔里希·图库尔","演員"
"341",30341,"托马斯·蒂梅","演員"
"342",30342,"汉斯-尤韦·鲍尔","演員"
"343",30343,"沃克马·克莱纳特","演員"
"344",30344,"马提亚斯·布伦纳","演員"
"345",30345,"查理·哈纳","演員"
"346",30346,"赫伯特·克瑙普","演員"
"347",30347,"巴斯蒂安·特罗斯特","演員"
"348",30348,"玛丽·格鲁伯","演員"
"349",30349,"维尔纳·德恩","演員"
"350",30350,"马丁·布拉巴赫","演員"
"351",30351,"托马斯·阿诺德","演員"
"352",30352,"辛纳克·勋纳曼","演員"
"353",30353,"路德韦格·布洛克伯格","演員"
"354",30354,"迈克尔·格伯","演員"
"355",30355,"吉塔·施维赫夫","演員"
"356",30356,"希尔德加德·斯罗德","演員"
"357",30357,"伊嘉·比肯费尔德","演員"
"358",30358,"凯·伊沃·保利兹","演員"
"359",30359,"克劳斯·芒斯特","演員"
"360",30360,"尊龙","演員"
"361",30361,"陈冲","演員"
"362",30362,"邬君梅","演員"
"363",30363,"彼得·奥图尔","演員"
"364",30364,"英若诚","演員"
"365",30365,"吴涛","演員"
"366",30366,"黄自强","演員"
"367",30367,"丹尼斯·邓恩","演員"
"368",30368,"坂本龙一","演員"
"369",30369,"马吉·汉","演員"
"370",30370,"里克·扬","演員"
"371",30371,"田川洋行","演員"
"372",30372,"苟杰德","演員"
"373",30373,"理查德·吴","演員"
"374",30374,"皱缇格","演員"
"375",30375,"陈凯歌","演員"
"376",30376,"卢燕","演員"
"377",30377,"区亨利","演員"
"378",30378,"樊光耀","演員"
"379",30379,"鲍皓昕","演員"
"380",30380,"黄文捷","演員"
"381",30381,"邵茹贞","演員"
"382",30382,"亨利·基","演員"
"383",30383,"张良斌","演員"
"384",30384,"梁冬","演員"
"385",30385,"康斯坦丁·格雷戈里","演員"
"386",30386,"黄汉琪","演員"
"387",30387,"王涛","演員"
"388",30388,"宋怀桂","演員"
"389",30389,"蔡鸿翔","演員"
"390",30390,"程淑艳","演員"
"391",30391,"张天民","演員"
"392",30392,"杰森·弗莱明","演員"
"393",30393,"德克斯特·弗莱彻","演員"
"394",30394,"尼克·莫兰","演員"
"395",30395,"杰森·斯坦森","演員"
"396",30396,"斯蒂文·麦金托什","演員"
"397",30397,"斯汀","演員"
"398",30398,"维尼·琼斯","演員"
"399",30399,"杰克·尼科尔森","演員"
"400",30400,"丹尼·德维托","演員"
"401",30401,"克里斯托弗·洛伊德","演員"
"402",30402,"路易丝·弗莱彻","演員"
"403",30403,"威尔·萨姆森","演員"
"404",30404,"特德·马克兰德","演員"
"405",30405,"布拉德·道里夫","演員"
"406",30406,"斯加特曼·克罗索斯","演員"
"407",30407,"迈克尔·贝里曼","演員"
"408",30408,"彼得·布罗科","演員"
"409",30409,"穆瓦科·卡姆布卡","演員"
"410",30410,"威廉·达尔","演員"
"411",30411,"乔西普·艾利克","演員"
"412",30412,"西德尼·拉斯克","演員"
"413",30413,"凯·李","演員"
"414",30414,"德怀特·马费尔德","演員"
"415",30415,"路易莎·莫里茨","演員"
"416",30416,"威廉·雷德菲尔德","演員"
"417",30417,"菲利普·罗斯","演員"
"418",30418,"米米·萨奇席恩","演員"
"419",30419,"文森特·斯卡维利","演員"
"420",30420,"米斯·斯马尔","演員"
"421",30421,"德罗斯·V·史密斯","演員"
"422",30422,"罗宾·威廉姆斯","演員"
"423",30423,"罗伯特·肖恩·莱纳德","演員"
"424",30424,"伊桑·霍克","演員"
"425",30425,"乔西·查尔斯","演員"
"426",30426,"盖尔·汉森","演員"
"427",30427,"迪伦·库斯曼","演員"
"428",30428,"阿勒隆·鲁杰罗","演員"
"429",30429,"詹姆斯·沃特斯顿","演員"
"430",30430,"诺曼·劳埃德","演員"
"431",30431,"柯特伍德·史密斯","演員"
"432",30432,"卡拉·贝尔韦尔","演員"
"433",30433,"利昂·波纳尔","演員"
"434",30434,"乔治·马丁","演員"
"435",30435,"乔·奥菲耶里","演員"
"436",30436,"马特·凯里","演員"
"437",30437,"凯文·库尼","演員"
"438",30438,"拉腊·弗林·鲍尔","演員"
"439",30439,"亚历桑德拉·鲍尔斯","演員"
"440",30440,"梅洛拉·沃尔特斯","演員"
"441",30441,"Pamela Burrell","演員"
"442",30442,"约翰·库宁汉姆","演員"
"443",30443,"迪布拉·穆尼","演員"
"444",30444,"库尔特·莱特纳","演員"
"445",30445,"凯瑟·斯内德","演員"
"446",30446,"Jonas Stiklorius","演員"
"447",30447,"杰米·肯尼迪","演員"
"448",30448,"薛耿求","演員"
"449",30449,"严志媛","演員"
"450",30450,"李来","演員"
"451",30451,"金海淑","演員"
"452",30452,"金相浩","演員"
"453",30453,"罗美兰","演員"
"454",30454,"杨真诚","演員"
"455",30455,"安东尼·冈萨雷斯","演員"
"456",30456,"盖尔·加西亚·贝纳尔","演員"
"457",30457,"本杰明·布拉特","演員"
"458",30458,"阿兰纳·乌巴奇","演員"
"459",30459,"芮妮·维克托","演員"
"460",30460,"杰米·卡米尔","演員"
"461",30461,"阿方索·阿雷奥","演員"
"462",30462,"赫伯特·西古恩萨","演員"
"463",30463,"加布里埃尔·伊格莱西亚斯","演員"
"464",30464,"隆巴多·博伊尔","演員"
"465",30465,"安娜·奥菲丽亚·莫吉亚","演員"
"466",30466,"娜塔丽·科尔多瓦","演員"
"467",30467,"赛琳娜·露娜","演員"
"468",30468,"爱德华·詹姆斯·奥莫斯","演員"
"469",30469,"索菲亚·伊斯皮诺萨","演員"
"470",30470,"卡拉·梅迪纳","演員"
"471",30471,"黛娅娜·欧特里","演員"
"472",30472,"路易斯·瓦尔德斯","演員"
"473",30473,"布兰卡·阿拉切利","演員"
"474",30474,"萨尔瓦多·雷耶斯","演員"
"475",30475,"切奇·马林","演員"
"476",30476,"奥克塔维·索利斯","演員"
"477",30477,"大卫·文翰","演員"
"478",30478,"伯纳德·希尔","演員"
"479",30479,"罗伯特·杜瓦尔","演員"
"480",30480,"黛安·基顿","演員"
"481",30481,"罗伯特·德尼罗","演員"
"482",30482,"约翰·凯泽尔","演員"
"483",30483,"塔莉娅·夏尔","演員"
"484",30484,"李·斯特拉斯伯格","演員"
"485",30485,"迈克尔·V·格佐","演員"
"486",30486,"G·D·斯普拉德林","演員"
"487",30487,"理查德·布赖特","演員"
"488",30488,"加斯通·莫辛","演員"
"489",30489,"汤姆·罗斯奎","演員"
"490",30490,"布鲁诺·柯比","演員"
"491",30491,"弗兰克·西维罗","演員"
"492",30492,"弗朗西丝卡·德·萨维奥","演員"
"493",30493,"娜塔莉·波特曼","演員"
"494",30494,"斯蒂芬·瑞","演員"
"495",30495,"斯蒂芬·弗雷","演員"
"496",30496,"约翰·赫特","演員"
"497",30497,"蒂姆·皮戈特-史密斯","演員"
"498",30498,"鲁珀特·格雷夫斯","演員"
"499",30499,"罗杰·阿拉姆","演員"
"500",30500,"本·迈尔斯","演員"
"501",30501,"西妮德·库萨克","演員"
"502",30502,"娜塔莎·怀特曼","演員"
"503",30503,"约翰·斯坦丁","演員"
"504",30504,"埃迪·马森","演員"
"505",30505,"克里夫·阿什伯恩","演員"
"506",30506,"Emma Field-Rayner","演員"
"507",30507,"伊安·布尔费尔德","演員"
"508",30508,"Mark Phoenix","演員"
"509",30509,"Alister Mazzotti","演員"
"510",30510,"比莉·库克","演員"
"511",30511,"盖伊·亨利","演員"
"512",30512,"科斯马·肖","演員"
"513",30513,"Megan Gay","演員"
"514",30514,"Roderic Culver","演員"
"515",30515,"Tara Hacking","演員"
"516",30516,"安迪·莱什利兹","演員"
"517",30517,"查德·斯塔赫斯基","演員"
"518",30518,"布拉德利·斯蒂夫·福特","演員"
"519",30519,"Madeleine Rakic-Platt","演員"
"520",30520,"塞丽娜·贾尔斯","演員"
"521",30521,"卡斯腾·海斯","演員"
"522",30522,"伊莫琴·普茨","演員"
"523",30523,"劳拉·格林伍德","演員"
"524",30524,"Kyra Meyer","演員"
"525",30525,"玛丽·萧克莱 ","演員"
"526",30526,"理查德·莱恩","演員"
"527",30527,"Michael Simkins","演員"
"528",30528,"肖恩·宾","演員"
"529",30529,"伊安·霍姆","演員"
"530",30530,"萨拉·贝克","演員"
"531",30531,"Richard O'Barry","演員"
"532",30532,"路易·西霍尤斯","演員"
"533",30533,"Hardy Jones","演員"
"534",30534,"Michael Illiff","演員"
"535",30535,"Joji Morishita","演員"
"536",30536,"Ian Campbell","演員"
"537",30537,"Paul Watson","演員"
"538",30538,"Doug DeMaster","演員"
"539",30539,"Dave Rastovich","演員"
"540",30540,"Charles Hambleton","演員"
"541",30541,"Hayato Sakurai","演員"
"542",30542,"Mandy-Rae Cruikshank","演員"
"543",30543,"Kirk Krack","演員"
"544",30544,"伊莎贝尔·卢卡斯","演員"
"545",30545,"海顿·潘妮蒂尔","演員"
"546",30546,"郎雄","演員"
"547",30547,"杨贵媚","演員"
"548",30548,"吴倩莲","演員"
"549",30549,"王渝文","演員"
"550",30550,"张艾嘉","演員"
"551",30551,"归亚蕾","演員"
"552",30552,"赵文瑄","演員"
"553",30553,"陈昭荣","演員"
"554",30554,"陈捷文","演員"
"555",30555,"卢金城","演員"
"556",30556,"唐语谦","演員"
"557",30557,"洪其德","演員"
"558",30558,"王瑞","演員"
"559",30559,"杜满生","演員"
"560",30560,"王玨","演員"
"561",30561,"陈妤","演員"
"562",30562,"左正芬","演員"
"563",30563,"许敬民","演員"
"564",30564,"聂卓晶","演員"
"565",30565,"丁仲","演員"
"566",30566,"乔纳森·泰勒·托马斯","演員"
"567",30567,"马修·布罗德里克","演員"
"568",30568,"杰瑞米·艾恩斯","演員"
"569",30569,"詹姆斯·厄尔·琼斯","演員"
"570",30570,"莫伊拉·凯利","演員"
"571",30571,"内森·连恩","演員"
"572",30572,"尼基塔·卡兰姆","演員"
"573",30573,"厄尼·萨贝拉","演員"
"574",30574,"乌比·戈德堡","演員"
"575",30575,"罗温·艾金森","演員"
"576",30576,"罗素·克劳","演員"
"577",30577,"艾德·哈里斯","演員"
"578",30578,"詹妮弗·康纳利","演員"
"579",30579,"保罗·贝坦尼","演員"
"580",30580,"亚当·戈德堡","演員"
"581",30581,"乔什·卢卡斯","演員"
"582",30582,"安东尼·拉普","演員"
"583",30583,"贾森·加里-斯坦福德","演員"
"584",30584,"贾德·赫希","演員"
"585",30585,"奥斯汀·潘德尔顿","演員"
"586",30586,"薇薇·卡登尼","演員"
"587",30587,"吉莉·西蒙","演員"
"588",30588,"维克多·斯坦巴赫","演員"
"589",30589,"坦娅·克拉克","演員"
"590",30590,"罗伊·辛尼斯","演員"
"591",30591,"谢丽尔·霍华德","演員"
"592",30592,"兰斯·霍华德","演員"
"593",30593,"简·詹金斯","演員"
"594",30594,"乔什·帕斯","演員"
"595",30595,"瓦伦蒂娜·卡迪纳利","演員"
"596",30596,"蒂格尔·F·伯格里","演員"
"597",30597,"迈克尔·埃斯佩尔","演員"
"598",30598,"艾米·瓦尔兹","演員"
"599",30599,"小艾德.朱普","演員"
"600",30600,"卡拉·奥奇格罗索","演員"
"601",30601,"斯特里奥·萨万特","演員"
"602",30602,"迈克尔·阿伯特","演員"
"603",30603,"雷吉·奥斯汀","演員"
"604",30604,"凯德·比特纳","演員"
"605",30605,"理查·布莱恩特","演員"
"606",30606,"丹·陈","演員"
"607",30607,"乔纳·福尔肯","演員"
"608",30608,"法布里奇奥·范特","演員"
"609",30609,"斯科特·费恩斯特罗姆","演員"
"610",30610,"迈克尔·菲奥里","演員"
"611",30611,"塞斯·盖贝尔","演員"
"612",30612,"埃文·哈特","演員"
"613",30613,"杰森·霍顿","演員"
"614",30614,"布莱丝·达拉斯·霍华德","演員"
"615",30615,"朗·霍华德","演員"
"616",30616,"多里·曼佐尔","演員"
"617",30617,"罗伯特·迈尔斯","演員"
"618",30618,"里德·彭尼","演員"
"619",30619,"米尔斯·彼埃尔","演員"
"620",30620,"肖恩·里德","演員"
"621",30621,"中山美穗","演員"
"622",30622,"丰川悦司","演員"
"623",30623,"酒井美纪","演員"
"624",30624,"柏原崇","演員"
"625",30625,"范文雀","演員"
"626",30626,"篠原胜之","演員"
"627",30627,"铃木庆一","演員"
"628",30628,"田口智朗","演員"
"629",30629,"加贺麻理子","演員"
"630",30630,"光石研","演員"
"631",30631,"铃木兰兰","演員"
"632",30632,"盐见三省","演員"
"633",30633,"中村久美","演員"
"634",30634,"梅田凡乃","演員"
"635",30635,"长田江身子 ","演員"
"636",30636,"小栗香织","演員"
"637",30637,"神户浩","演員"
"638",30638,"酒井敏也","演員"
"639",30639,"山口诗史","演員"
"640",30640,"山崎一","演員"
"641",30641,"德井优","演員"
"642",30642,"武藤寿美","演員"
"643",30643,"艾德里安·布洛迪","演員"
"644",30644,"托马斯·克莱舒曼","演員"
"645",30645,"艾米莉娅·福克斯","演員"
"646",30646,"米哈乌·热布罗夫斯基","演員"
"647",30647,"埃德·斯托帕德","演員"
"648",30648,"穆琳·利普曼","演員"
"649",30649,"弗兰克·芬莱","演員"
"650",30650,"茱莉亚·蕾娜","演員"
"651",30651,"杰西卡·凯特·梅耶尔","演員"
"652",30652,"理查德·赖丁斯","演員"
"653",30653,"朱莉娅·奥蒙德","演員"
"654",30654,"芳妮·A·钱勃丝","演員"
"655",30655,"伊莱亚斯·科泰斯","演員"
"656",30656,"大卫·詹森","演員"
"657",30657,"蒂尔达·斯文顿","演員"
"658",30658,"艾丽·范宁","演員"
"659",30659,"乔安娜·塞勒","演員"
"660",30660,"乔什·斯图沃特","演員"
"661",30661,"丹尼·文森","演員"
"662",30662,"塔拉吉·P·汉森","演員"
"663",30663,"马赫沙拉·阿里","演員"
"664",30664,"菲奥娜·黑尔","演員"
"665",30665,"唐娜·杜普兰提尔","演員"
"666",30666,"兰斯·E·尼克尔斯","演員"
"667",30667,"特德·曼森","演員"
"668",30668,"克莱·卡伦","演員"
"669",30669,"菲利斯·萨莫维尔","演員"
"670",30670,"杰瑞德·哈里斯","演員"
"671",30671,"麦迪逊·贝蒂","演員"
"672",30672,"汤姆·埃沃雷特","演員"
"673",30673,"克里斯托弗·马克斯韦尔","演員"
"674",30674,"伊利亚·沃里克","演員"
"675",30675,"詹姆斯·伍兹","演員"
"676",30676,"伊丽莎白·麦戈文","演員"
"677",30677,"乔·佩西","演員"
"678",30678,"波特·杨","演員"
"679",30679,"塔斯黛·韦尔德","演員"
"680",30680,"特里特·威廉斯","演員"
"681",30681,"丹尼·爱罗","演員"
"682",30682,"詹姆斯·海登","演員"
"683",30683,"威廉·弗西斯","演員"
"684",30684,"达兰妮·弗鲁格","演員"
"685",30685,"拉里·拉普","演員"
"686",30686,"理查德·弗让吉","演員"
"687",30687,"罗伯特·哈珀","演員"
"688",30688,"马里奥·卡萨斯","演員"
"689",30689,"阿娜·瓦格纳","演員"
"690",30690,"何塞·科罗纳多","演員"
"691",30691,"巴巴拉·莱涅","演員"
"692",30692,"弗兰塞斯克·奥雷利亚","演員"
"693",30693,"帕科·图斯","演員"
"694",30694,"大卫·塞尔瓦斯","演員"
"695",30695,"伊尼戈·加斯特西","演員"
"696",30696,"圣·耶拉莫斯","演員"
"697",30697,"马内尔·杜维索","演員"
"698",30698,"布兰卡·马丁内斯","演員"
"699",30699,"佩雷·布拉索","演員"
"700",30700,"霍尔迪·布鲁内特","演員"
"701",30701,"鲍比·冈萨雷斯","演員"
"702",30702,"玛蒂娜·乌尔塔多","演員"
"703",30703,"基努·里维斯","演員"
"704",30704,"凯瑞-安·莫斯","演員"
"705",30705,"劳伦斯·菲什伯恩","演員"
"706",30706,"格洛丽亚·福斯特","演員"
"707",30707,"乔·潘托里亚诺","演員"
"708",30708,"马库斯·钟","演員"
"709",30709,"朱利安·阿拉汗加","演員"
"710",30710,"马特·多兰","演員"
"711",30711,"法拉赫阿米尔·哈什米安","演員"
"712",30712,"默罕默德·阿米尔·纳吉","演員"
"713",30713,"巴哈丽·西迪奇","演員"
"714",30714,"纳菲丝·贾法-穆罕默迪","演員"
"715",30715,"Fereshte Sarabandi","演員"
"716",30716,"Kamal Mirkarimi","演員"
"717",30717,"Behzad Rafi","演員"
"718",30718,"Dariush Mokhtari","演員"
"719",30719,"Mohammad-Hasan Hosseinian","演員"
"720",30720,"Masume Dair","演員"
"721",30721,"克里斯托弗·马利基","演員"
"722",30722,"莫妮卡·贝鲁奇","演員"
"723",30723,"朱塞佩·苏尔法罗","演員"
"724",30724,"Luciano Federico","演員"
"725",30725,"玛蒂尔德·皮亚纳","演員"
"726",30726,"Pietro Notarianni","演員"
"727",30727,"Gaetano Aronica","演員"
"728",30728,"Gilberto Idonea","演員"
"729",30729,"Angelo Pellegrino","演員"
"730",30730,"Gabriella Di Luzio","演員"
"731",30731,"Pippo Provvidenti","演員"
"732",30732,"埃丽萨·莫鲁奇","演員"
"733",30733,"奥罗拉·夸特罗基","演員"
"734",30734,"露琪亚·萨多","演員"
"735",30735,"Vanni Bramati","演員"
"736",30736,"Salvatore Martino","演員"
"737",30737,"安东内洛·普利西","演員"
"738",30738,"Noam Morgensztern","演員"
"739",30739,"邱岳峰","演員"
"740",30740,"富润生","演員"
"741",30741,"毕克","演員"
"742",30742,"尚华","演員"
"743",30743,"于鼎","演員"
"744",30744,"李梓","演員"
"745",30745,"刘广宁","演員"
"746",30746,"丹尼尔·雷德克里夫","演員"
"747",30747,"艾玛·沃森","演員"
"748",30748,"鲁伯特·格林特","演員"
"749",30749,"艾伦·瑞克曼","演員"
"750",30750,"玛吉·史密斯","演員"
"751",30751,"汤姆·费尔顿","演員"
"752",30752,"伊恩·哈特","演員"
"753",30753,"理查德·哈里斯","演員"
"754",30754,"罗彼·考特拉尼","演員"
"755",30755,"朱丽·沃特斯","演員"
"756",30756,"邦妮·怀特","演員"
"757",30757,"约翰·克立斯","演員"
"758",30758,"肖恩·比格斯代夫","演員"
"759",30759,"周润发","演員"
"760",30760,"刘嘉玲","演員"
"761",30761,"陈坤","演員"
"762",30762,"张默","演員"
"763",30763,"周韵","演員"
"764",30764,"廖凡","演員"
"765",30765,"姚橹","演員"
"766",30766,"邵兵","演員"
"767",30767,"苗圃","演員"
"768",30768,"冯小刚","演員"
"769",30769,"胡军","演員"
"770",30770,"马珂","演員"
"771",30771,"白冰","演員"
"772",30772,"杜奕衡","演員"
"773",30773,"李静","演員"
"774",30774,"胡明","演員"
"775",30775,"危笑","演員"
"776",30776,"杨奇雨","演員"
"777",30777,"赵铭","演員"
"778",30778,"汤姆·汉克斯","演員"
"779",30779,"汤姆·塞兹摩尔","演員"
"780",30780,"爱德华·伯恩斯","演員"
"781",30781,"巴里·佩珀","演員"
"782",30782,"范·迪塞尔","演員"
"783",30783,"吉奥瓦尼·瑞比西","演員"
"784",30784,"杰瑞米·戴维斯","演員"
"785",30785,"马特·达蒙","演員"
"786",30786,"特德·丹森","演員"
"787",30787,"保罗·吉亚玛提","演員"
"788",30788,"丹尼斯·法里纳","演員"
"789",30789,"马克斯·马蒂尼","演員"
"790",30790,"丹兰·布鲁诺","演員"
"791",30791,"丹尼尔·切尔奎拉","演員"
"792",30792,"迪米特里·格里特萨斯","演員"
"793",30793,"史蒂夫·格里芬","演員"
"794",30794,"彼得·迈尔斯","演員"
"795",30795,"亚当·肖","演員"
"796",30796,"罗尔夫·萨克森","演員"
"797",30797,"克里·约翰逊","演員"
"798",30798,"洛克兰·艾肯","演員"
"799",30799,"尚恩约翰逊","演員"
"800",30800,"莱尔德·曼辛托斯","演員"
"801",30801,"安德鲁·斯科特","演員"
"802",30802,"马修·夏普","演員"
"803",30803,"文森特·沃尔什","演員"
"804",30804,"约翰·沙拉恩","演員"
"805",30805,"马丁·哈伯","演員"
"806",30806,"罗非洛·迪格托勒","演員"
"807",30807,"恩里奇·雷德曼","演員"
"808",30808,"米歇尔·埃文斯","演員"
"809",30809,"内森·菲利安","演員"
"810",30810,"勒兰德·奥瑟","演員"
"811",30811,"大卫·维格","演員"
"812",30812,"瑞恩·赫斯特","演員"
"813",30813,"哈威·普雷斯内尔","演員"
"814",30814,"代尔·戴","演員"
"815",30815,"布莱恩·科兰斯顿","演員"
"816",30816,"大卫·沃尔","演員"
"817",30817,"埃里克·罗兰","演員"
"818",30818,"哈里逊·杨","演員"
"819",30819,"凯思琳·拜荣","演員"
"820",30820,"约翰·德·兰西","演員"
"821",30821,"詹姆斯·恩布里","演員"
"822",30822,"德里克·李","演員"
"823",30823,"若昂·科斯塔·梅内塞斯","演員"
"824",30824,"马克·施泰因迈尔","演員"
"825",30825,"休·杰克曼","演員"
"826",30826,"丽贝卡·豪尔","演員"
"827",30827,"斯嘉丽·约翰逊","演員"
"828",30828,"大卫·鲍伊","演員"
"829",30829,"派珀·佩拉博","演員"
"830",30830,"萨曼塔·马霍林","演員"
"831",30831,"丹尼尔·戴维斯","演員"
"832",30832,"吉姆·皮多克","演員"
"833",30833,"克里斯托弗·尼姆","演員"
"834",30834,"马克·瑞安","演員"
"835",30835,"罗杰·里斯","演員"
"836",30836,"杰米·哈里斯","演員"
"837",30837,"罗恩·帕金斯","演員"
"838",30838,"瑞奇·杰","演員"
"839",30839,"安东尼·德·马克","演員"
"840",30840,"冀朝理","演員"
"841",30841,"凯文·史派西","演員"
"842",30842,"格温妮斯·帕特洛","演員"
"843",30843,"安德鲁·凯文·沃克","演員"
"844",30844,"约翰·卡西尼","演員"
"845",30845,"雷格·E·凯蒂","演員"
"846",30846,"李·厄米","演員"
"847",30847,"中谷美纪","演員"
"848",30848,"瑛太","演員"
"849",30849,"市川实日子","演員"
"850",30850,"伊势谷友介","演員"
"851",30851,"柄本明","演員"
"852",30852,"黑泽明日香","演員"
"853",30853,"荒川良良","演員"
"854",30854,"柴崎幸","演員"
"855",30855,"土屋安娜","演員"
"856",30856,"奥之矢佳奈","演員"
"857",30857,"谷原章介","演員"
"858",30858,"武田真治","演員"
"859",30859,"片平渚","演員"
"860",30860,"宫藤官九郎","演員"
"861",30861,"角野卓造","演員"
"862",30862,"田中要次","演員"
"863",30863,"木村凯拉","演員"
"864",30864,"谷中敦","演員"
"865",30865,"剧团一人","演員"
"866",30866,"朱莉·安德鲁斯","演員"
"867",30867,"埃琳诺·帕克","演員"
"868",30868,"理查德·海顿","演員"
"869",30869,"佩吉·伍德","演員"
"870",30870,"查尔敏·卡尔","演員"
"871",30871,"希瑟·孟席斯-尤里克","演員"
"872",30872,"尼古拉斯·哈蒙德","演員"
"873",30873,"杜安·蔡斯","演員"
"874",30874,"安吉拉·卡特怀特","演員"
"875",30875,"黛比·特纳","演員"
"876",30876,"基姆·卡拉思","演員"
"877",30877,"安娜·李","演員"
"878",30878,"波希娅·纳尔逊","演員"
"879",30879,"本·怀特","演員"
"880",30880,"丹尼尔·特鲁希特","演員"
"881",30881,"吉尔克里斯特·斯图尔特","演員"
"882",30882,"马妮·尼克松","演員"
"883",30883,"埃瓦德妮·贝克","演員"
"884",30884,"多丽丝·劳埃德","演員"
"885",30885,"格特鲁德·阿斯特","演員"
"886",30886,"弗兰克·贝克","演員"
"887",30887,"Steve Carruthers","演員"
"888",30888,"山姆·哈里斯","演員"
"889",30889,"Dorothy Jeakins","演員"
"890",30890,"Leoda Richards","演員"
"891",30891,"杰弗里·塞尔","演員"
"892",30892,"Bernard Sell","演員"
"893",30893,"Norman Stevans","演員"
"894",30894,"Bert Stevens","演員"
"895",30895,"Maria von Trapp","演員"
"896",30896,"约翰·特拉沃尔塔","演員"
"897",30897,"乌玛·瑟曼","演員"
"898",30898,"阿曼达·普拉莫","演員"
"899",30899,"蒂姆·罗斯","演員"
"900",30900,"塞缪尔·杰克逊","演員"
"901",30901,"菲尔·拉马","演員"
"902",30902,"布鲁斯·威利斯","演員"
"903",30903,"弗兰克·威利","演員"
"904",30904,"布尔·斯蒂尔斯","演員"
"905",30905,"文·瑞姆斯","演員"
"906",30906,"劳拉·拉芙蕾丝","演員"
"907",30907,"保罗·考尔德伦","演員"
"908",30908,"布罗娜·加拉赫","演員"
"909",30909,"罗姗娜·阿奎特","演員"
"910",30910,"埃里克·斯托尔兹","演員"
"911",30911,"玛丽亚·德·梅黛洛","演員"
"912",30912,"朱迪·福斯特","演員"
"913",30913,"安东尼·霍普金斯","演員"
"914",30914,"斯科特·格伦","演員"
"915",30915,"安东尼·希尔德","演員"
"916",30916,"布鲁克·史密斯","演員"
"917",30917,"卡斯·莱蒙斯","演員"
"918",30918,"弗兰基·费森","演員"
"919",30919,"泰德·拉文","演員"
"920",30920,"崔西·沃特","演員"
"921",30921,"丹·巴特勒","演員"
"922",30922,"达拉","演員"
"923",30923,"奥黛丽·塔图","演員"
"924",30924,"马修·卡索维茨","演員"
"925",30925,"吕菲斯","演員"
"926",30926,"洛莱拉·克拉沃塔","演員"
"927",30927,"塞尔日·梅兰","演員"
"928",30928,"贾梅尔·杜布兹","演員"
"929",30929,"克洛蒂尔德·莫勒","演員"
"930",30930,"克莱尔·莫里耶","演員"
"931",30931,"伊莎贝尔·南蒂","演員"
"932",30932,"多米尼克·皮侬","演員"
"933",30933,"阿尔蒂斯·德·彭居埃恩","演員"
"934",30934,"友兰达·梦露","演員"
"935",30935,"于尔班·康塞利埃","演員"
"936",30936,"莫里斯·贝尼舒","演員"
"937",30937,"米歇尔·罗班","演員"
"938",30938,"安德烈·达芒","演員"
"939",30939,"克洛德·佩隆","演員"
"940",30940,"阿尔梅尔","演員"
"941",30941,"迪基·奥尔加多","演員"
"942",30942,"Kevin Fernandes","演員"
"943",30943,"弗洛拉·吉耶","演員"
"944",30944,"阿莫里·巴博尔","演員"
"945",30945,"欧仁·贝蒂埃","演員"
"946",30946,"让·达里","演員"
"947",30947,"马克·阿米约","演員"
"948",30948,"莱昂纳多·迪卡普里奥","演員"
"949",30949,"克里斯托弗·沃肯","演員"
"950",30950,"马丁·辛","演員"
"951",30951,"艾米·亚当斯","演員"
"952",30952,"詹妮弗·加纳","演員"
"953",30953,"伊丽莎白·班克斯","演員"
"954",30954,"纳塔莉·贝伊","演員"
"955",30955,"詹姆斯·布洛林","演員"
"956",30956,"艾伦·旁派","演員"
"957",30957,"南希·利内翰","演員"
"958",30958,"布莱恩·豪威 ","演員"
"959",30959,"弗兰克·约翰·休斯","演員"
"960",30960,"克里斯·埃里斯","演員"
"961",30961,"梅尔·吉布森","演員"
"962",30962,"苏菲·玛索","演員"
"963",30963,"布莱恩·考克斯","演員"
"964",30964,"詹姆斯·卡沙莫","演員"
"965",30965,"辛·劳洛","演員"
"966",30966,"凯瑟琳·麦克马克","演員"
"967",30967,"安古斯·麦克菲登","演員"
"968",30968,"阿什顿·库彻","演員"
"969",30969,"艾米·斯马特","演員"
"970",30970,"埃尔登·汉森","演員"
"971",30971,"威廉姆·李·斯科特","演員"
"972",30972,"约翰·帕特里克·阿梅多利","演員"
"973",30973,"艾琳·戈洛瓦娅","演員"
"974",30974,"凯文·G·施密特","演員"
"975",30975,"杰西·詹姆斯","演員"
"976",30976,"罗根·勒曼","演員"
"977",30977,"莎拉·威多斯","演員"
"978",30978,"杰克·凯斯","演員"
"979",30979,"卡梅隆·布莱特","演員"
"980",30980,"考乐姆·吉斯·雷尼","演員"
"981",30981,"约翰尼·德普","演員"
"982",30982,"薇诺娜·瑞德","演員"
"983",30983,"黛安·韦斯特","演員"
"984",30984,"凯西·贝克","演員"
"985",30985,"罗伯特·奥利维里","演員"
"986",30986,"康查塔·费雷尔","演員"
"987",30987,"卡罗琳·阿隆","演員"
"988",30988,"迪克·安东尼·威廉姆斯","演員"
"989",30989,"澳澜·琼斯","演員"
"990",30990,"文森特·普莱斯","演員"
"991",30991,"艾伦·阿金","演員"
"992",30992,"苏珊·布洛马特","演員"
"993",30993,"约翰·戴维森","演員"
"994",30994,"Bryan Larkin","演員"
"995",30995,"Victoria Price","演員"
"996",30996,"Stuart Lancaster","演員"
"997",30997,"Gina Gallagher","演員"
"998",30998,"阿隆·鲁斯汀","演員"
"999",30999,"阿兰·弗吉","演員"
"1000",31000,"史蒂文·布里尔","演員"
"1001",31001,"Peter Palmer","演員"
"1002",31002,"马克·麦考利","演員"
"1003",31003,"Donna Pieroni","演員"
"1004",31004,"Ken DeVaul","演員"
"1005",31005,"Kathy Dombo","演員"
"1006",31006,"Tabetha Thomas","演員"
"1007",31007,"尼克·卡特","演員"
"1008",31008,"张国荣","演員"
"1009",31009,"梁朝伟","演員"
"1010",31010,"张震","演員"
"1011",31011,"本·阿弗莱克","演員"
"1012",31012,"斯特兰·斯卡斯加德","演員"
"1013",31013,"明妮·德里弗","演員"
"1014",31014,"卡西·阿弗莱克","演員"
"1015",31015,"科尔·豪瑟","演員"
"1016",31016,"John Mighton","演員"
"1017",31017,"Dan Washington","演員"
"1018",31018,"艾莉森·福兰德","演員"
"1019",31019,"维克·萨海","演員"
"1020",31020,"史提文科兹洛夫斯基","演員"
"1021",31021,"斯科特·威廉姆·文特斯","演員"
"1022",31022,"Jimmy Flynn","演員"
"1023",31023,"乔治·普林普顿","演員"
"1024",31024,"弗朗切斯科·克莱门特","演員"
"1025",31025,"马克·鲁弗洛","演員"
"1026",31026,"本·金斯利","演員"
"1027",31027,"马克斯·冯·叙多夫","演員"
"1028",31028,"米歇尔·威廉姆斯","演員"
"1029",31029,"艾米莉·莫迪默","演員"
"1030",31030,"派翠西娅·克拉克森","演員"
"1031",31031,"杰基·厄尔·哈利","演員"
"1032",31032,"约翰·卡洛·林奇","演員"
"1033",31033,"罗宾·巴特利特","演員"
"1034",31034,"克里斯托弗·邓汉","演員"
"1035",31035,"约瑟夫·斯科拉","演員"
"1036",31036,"拉尔夫·费因斯","演員"
"1037",31037,"托尼·雷沃罗利","演員"
"1038",31038,"威廉·达福","演員"
"1039",31039,"裘德·洛","演員"
"1040",31040,"西尔莎·罗南","演員"
"1041",31041,"比尔·默瑞","演員"
"1042",31042,"蕾雅·赛杜","演員"
"1043",31043,"欧文·威尔逊","演員"
"1044",31044,"詹森·舒瓦兹曼","演員"
"1045",31045,"马修·阿马立克","演員"
"1046",31046,"F·默里·亚伯拉罕","演員"
"1047",31047,"汤姆·威尔金森","演員"
"1048",31048,"杰夫·高布伦","演員"
"1049",31049,"哈威·凯特尔","演員"
"1050",31050,"阿萨·巴特菲尔德","演員"
"1051",31051,"维拉·法米加","演員"
"1052",31052,"卡拉·霍根","演員"
"1053",31053,"祖萨·霍尔","演員"
"1054",31054,"安贝尔·比蒂","演員"
"1055",31055,"拉斯洛·阿隆","演員"
"1056",31056,"大卫·休里斯","演員"
"1057",31057,"理查德·约翰逊","演員"
"1058",31058,"谢拉·汉考克","演員"
"1059",31059,"伊凡·弗雷贝利","演員"
"1060",31060,"贝拉·费斯彼姆","演員"
"1061",31061,"阿提拉·埃杰德","演員"
"1062",31062,"鲁伯特·弗兰德","演員"
"1063",31063,"大卫·海曼","演員"
"1064",31064,"吉姆·诺顿","演員"
"1065",31065,"杰克·塞隆","演員"
"1066",31066,"米哈利·绍鲍多什","演員"
"1067",31067,"泽索特·萨法尔·科夫卡","演員"
"1068",31068,"奥索利亚·茱莉娅·帕普","演員"
"1069",31069,"本木雅弘","演員"
"1070",31070,"广末凉子","演員"
"1071",31071,"山崎努","演員"
"1072",31072,"吉行和子","演員"
"1073",31073,"笹野高史","演員"
"1074",31074,"余贵美子","演員"
"1075",31075,"萨姆·沃辛顿","演員"
"1076",31076,"佐伊·索尔达娜","演員"
"1077",31077,"西格妮·韦弗","演員"
"1078",31078,"史蒂芬·朗","演員"
"1079",31079,"米歇尔·罗德里格兹","演員"
"1080",31080,"乔·大卫·摩尔 ","演員"
"1081",31081,"希·庞德","演員"
"1082",31082,"韦斯·斯塔迪","演員"
"1083",31083,"拉兹·阿隆索","演員"
"1084",31084,"迪利普·劳","演員"
"1085",31085,"马特·杰拉德","演員"
"1086",31086,"肖恩·安东尼·莫兰","演員"
"1087",31087,"松田洋治","演員"
"1088",31088,"石田百合子","演員"
"1089",31089,"田中裕子","演員"
"1090",31090,"小林薰","演員"
"1091",31091,"西村雅彦","演員"
"1092",31092,"上条恒彦","演員"
"1093",31093,"岛本须美","演員"
"1094",31094,"渡边哲","演員"
"1095",31095,"佐藤允","演員"
"1096",31096,"名古屋章","演員"
"1097",31097,"森光子","演員"
"1098",31098,"森繁久弥","演員"
"1099",31099,"夏雨","演員"
"1100",31100,"宁静","演員"
"1101",31101,"陶虹","演員"
"1102",31102,"耿乐","演員"
"1103",31103,"斯琴高娃","演員"
"1104",31104,"刘小宁","演員"
"1105",31105,"王学圻","演員"
"1106",31106,"王朔","演員"
"1107",31107,"尚楠","演員"
"1108",31108,"方化","演員"
"1109",31109,"代少波","演員"
"1110",31110,"王海","演員"
"1111",31111,"姚二嘎","演員"
"1112",31112,"吴淑昆","演員"
"1113",31113,"左小青","演員"
"1114",31114,"韩冬","演員"
"1115",31115,"孙靖","演員"
"1116",31116,"刘斌","演員"
"1117",31117,"张维","演員"
"1118",31118,"杨彤林","演員"
"1119",31119,"王福","演員"
"1120",31120,"胡贝贝","演員"
"1121",31121,"高保成","演員"
"1122",31122,"吴淑琨","演員"
"1123",31123,"张华","演員"
"1124",31124,"二勇","演員"
"1125",31125,"烈子","演員"
"1126",31126,"陈伟","演員"
"1127",31127,"约翰·库萨克","演員"
"1128",31128,"雷·利奥塔","演員"
"1129",31129,"阿曼达·皮特","演員"
"1130",31130,"阿尔弗雷德·莫里纳","演員"
"1131",31131,"克里·杜瓦尔","演員"
"1132",31132,"海利·乔·奥斯蒙","演員"
"1133",31133,"托妮·科莱特","演員"
"1134",31134,"奥莉维亚·威廉姆斯","演員"
"1135",31135,"唐尼·沃尔伯格","演員"
"1136",31136,"特拉沃·摩根","演員"
"1137",31137,"彼得·安东尼·唐伯蒂斯","演員"
"1138",31138,"格伦·菲茨杰拉德","演員"
"1139",31139,"米莎·巴顿","演員"
"1140",31140,"Lisa Summerour","演員"
"1141",31141,"法尔德斯·巴姆","演員"
"1142",31142,"杰弗里·泽布尼斯","演員"
"1143",31143,"杰弗里·拉什","演員"
"1144",31144,"凯拉·奈特莉","演員"
"1145",31145,"杰克·达文波特","演員"
"1146",31146,"乔纳森·普雷斯","演員"
"1147",31147,"麦斯·米科尔森","演員"
"1148",31148,"托玛斯·博·拉森","演員"
"1149",31149,"安妮卡·韦德科普","演員"
"1150",31150,"拉丝·弗格斯托姆","演員"
"1151",31151,"苏西·沃德","演員"
"1152",31152,"安妮·路易丝·哈辛","演員"
"1153",31153,"拉斯·兰特","演員"
"1154",31154,"亚历山德拉·拉帕波特","演員"
"1155",31155,"杰克·吉伦哈尔","演員"
"1156",31156,"安妮·海瑟薇","演員"
"1157",31157,"凯特·玛拉","演員"
"1158",31158,"兰迪·奎德","演員"
"1159",31159,"琳达·卡德里尼","演員"
"1160",31160,"安娜·法瑞丝","演員"
"1161",31161,"格拉汉姆·贝克尔","演員"
"1162",31162,"斯科特·迈克尔·坎贝尔","演員"
"1163",31163,"大卫·哈伯","演員"
"1164",31164,"罗伯塔·马克斯韦尔","演員"
"1165",31165,"皮特·麦克罗比","演員"
"1166",31166,"夏恩·希尔","演員"
"1167",31167,"布鲁克琳·普劳克斯","演員"
"1168",31168,"杰克·丘奇","演員"
"1169",31169,"巴瑞·哈姆弗莱斯","演員"
"1170",31170,"艾瑞克·巴纳","演員"
"1171",31171,"贝塔尼·维特莫尔","演員"
"1172",31172,"蕾妮·盖耶","演員"
"1173",31173,"伊恩·莫利·梅尔德伦","演員"
"1174",31174,"朱莉·福塞斯","演員"
"1175",31175,"约翰·弗劳思","演員"
"1176",31176,"克里斯托弗·马西","演員"
"1177",31177,"卡罗琳·莎士比亚-艾伦","演員"
"1178",31178,"琳恩·史密斯","演員"
"1179",31179,"Michael Ienna","演員"
"1180",31180,"林青霞","演員"
"1181",31181,"金城武","演員"
"1182",31182,"王菲","演員"
"1183",31183,"周嘉玲","演員"
"1184",31184,"宝莲·高黛","演員"
"1185",31185,"亨利·伯格曼","演員"
"1186",31186,"Tiny Sandford","演員"
"1187",31187,"切斯特·康克林","演員"
"1188",31188,"汉克·曼","演員"
"1189",31189,"Stanley Blystone","演員"
"1190",31190,"阿尔·欧内斯特·加西亚","演員"
"1191",31191,"理查德·亚历山大","演員"
"1192",31192,"Cecil Reynolds","演員"
"1193",31193,"Mira McKinney","演員"
"1194",31194,"Murdock MacQuarrie","演員"
"1195",31195,"威尔弗雷德·卢卡斯","演員"
"1196",31196,"Edward LeSaint","演員"
"1197",31197,"Fred Malatesta","演員"
"1198",31198,"Sammy Stein","演員"
"1199",31199,"Ted Oliver","演員"
"1200",31200,"Norman Ainsley","演員"
"1201",31201,"Bobby Barber","演員"
"1202",31202,"海尼·康克林","演員"
"1203",31203,"格洛丽亚·德黑文","演員"
"1204",31204,"Pat Flaherty","演員"
"1205",31205,"Frank Hagney","演員"
"1206",31206,"Pat Harmon","演員"
"1207",31207,"劳埃德·英格拉哈姆","演員"
"1208",31208,"沃尔特·詹姆斯","演員"
"1209",31209,"Edward Kimball","演員"
"1210",31210,"Jack Low","演員"
"1211",31211,"Buddy Messinger","演員"
"1212",31212,"Bruce Mitchell","演員"
"1213",31213,"Frank Moran","演員"
"1214",31214,"James C. Morton","演員"
"1215",31215,"Louis Natheaux","演員"
"1216",31216,"J·C·纽金特","演員"
"1217",31217,"拉斯·鲍威尔","演員"
"1218",31218,"约翰兰德","演員"
"1219",31219,"哈里·威尔逊","演員"
"1220",31220,"张柏芝","演員"
"1221",31221,"林子善","演員"
"1222",31222,"田启文","演員"
"1223",31223,"李兆基","演員"
"1224",31224,"成龙","演員"
"1225",31225,"李思捷","演員"
"1226",31226,"郑文辉","演員"
"1227",31227,"松隆子","演員"
"1228",31228,"冈田将生","演員"
"1229",31229,"木村佳乃","演員"
"1230",31230,"西井幸人","演員"
"1231",31231,"桥本爱","演員"
"1232",31232,"芦田爱菜","演員"
"1233",31233,"三吉彩花","演員"
"1234",31234,"藤原薰","演員"
"1235",31235,"井之胁海","演員"
"1236",31236,"清水尚弥","演員"
"1237",31237,"高桥努","演員"
"1238",31238,"一井直树","演員"
"1239",31239,"能年玲奈","演員"
"1240",31240,"新井浩文","演員"
"1241",31241,"野本萤","演員"
"1242",31242,"伊万·麦克格雷格","演員"
"1243",31243,"阿尔伯特·芬尼","演員"
"1244",31244,"比利·克鲁德普","演員"
"1245",31245,"杰西卡·兰格","演員"
"1246",31246,"艾莉森·洛曼","演員"
"1247",31247,"罗伯特·吉尔劳姆","演員"
"1248",31248,"玛丽昂·歌迪亚","演員"
"1249",31249,"马修·麦克格罗里","演員"
"1250",31250,"大卫·丹曼","演員"
"1251",31251,"米西·派勒","演員"
"1252",31252,"卢顿·万恩怀特三世","演員"
"1253",31253,"艾达·泰","演員"
"1254",31254,"艾伦妮·泰","演員"
"1255",31255,"史蒂夫·布西密","演員"
"1256",31256,"迪普·罗伊","演員"
"1257",31257,"海利·安妮·内尔森","演員"
"1258",31258,"裴淳华","演員"
"1259",31259,"尼尔·帕特里克·哈里斯","演員"
"1260",31260,"凯莉·库恩","演員"
"1261",31261,"泰勒·派瑞","演員"
"1262",31262,"金·迪肯斯","演員"
"1263",31263,"波伊德·霍布鲁克","演員"
"1264",31264,"艾米丽·拉塔科斯基","演員"
"1265",31265,"雪拉·渥德","演員"
"1266",31266,"派屈克·福吉特","演員"
"1267",31267,"斯科特·麦克纳里","演員"
"1268",31268,"凯西·威尔逊","演員"
"1269",31269,"李·诺里斯","演員"
"1270",31270,"吴念真","演員"
"1271",31271,"李凯莉","演員"
"1272",31272,"金燕玲","演員"
"1273",31273,"张洋洋","演員"
"1274",31274,"萧淑慎","演員"
"1275",31275,"尾形一成","演員"
"1276",31276,"陈希圣","演員"
"1277",31277,"林孟瑾","演員"
"1278",31278,"陈以文","演員"
"1279",31279,"柯宇纶","演員"
"1280",31280,"张育邦","演員"
"1281",31281,"柯素云","演員"
"1282",31282,"唐如韫","演員"
"1283",31283,"徐淑媛","演員"
"1284",31284,"曾心怡","演員"
"1285",31285,"陶传正","演員"
"1286",31286,"叶玉卿","演員"
"1287",31287,"张学友","演員"
"1288",31288,"王祖贤","演員"
"1289",31289,"张曼玉","演員"
"1290",31290,"梁家辉","演員"
"1291",31291,"钟镇涛","演員"
"1292",31292,"鲍起静","演員"
"1293",31293,"沈恩京","演員"
"1294",31294,"闵孝琳","演員"
"1295",31295,"姜素拉","演員"
"1296",31296,"南宝拉","演員"
"1297",31297,"陈熙京","演員"
"1298",31298,"金时厚","演員"
"1299",31299,"柳好贞","演員"
"1300",31300,"朴真珠","演員"
"1301",31301,"金甫美","演員"
"1302",31302,"千禹熙","演員"
"1303",31303,"李璟荣","演員"
"1304",31304,"黎明","演員"
"1305",31305,"杨恭如","演員"
"1306",31306,"曾志伟","演員"
"1307",31307,"杜可风","演員"
"1308",31308,"张同祖","演員"
"1309",31309,"诸慧荷","演員"
"1310",31310,"丁羽","演員"
"1311",31311,"朱莉·德尔佩","演員"
"1312",31312,"安德莉亚·埃克特","演員"
"1313",31313,"汉诺·波西尔","演員"
"1314",31314,"Karl Bruckschwaiger","演員"
"1315",31315,"Tex Rubinowitz","演員"
"1316",31316,"埃尔尼·曼戈尔德","演員"
"1317",31317,"Dominik Castell","演員"
"1318",31318,"Haymon Maria Buttinger","演員"
"1319",31319,"Harald Waiglein","演員"
"1320",31320,"汉斯·魏因加特纳","演員"
"1321",31321,"Peter Ily Huemer","演員"
"1322",31322,"Hubert Fabian Kulterer","演員"
"1323",31323,"约翰·斯洛斯","演員"
"1324",31324,"Christian Ankowitsch","演員"
"1325",31325,"Paul Poet","演員"
"1326",31326,"三浦贵大","演員"
"1327",31327,"松冈茉优","演員"
"1328",31328,"温水洋一","演員"
"1329",31329,"桐岛加恋","演員"
"1330",31330,"杰伊·巴鲁切尔","演員"
"1331",31331,"杰拉德·巴特勒","演員"
"1332",31332,"克雷格·费格森","演員"
"1333",31333,"亚美莉卡·费雷拉","演員"
"1334",31334,"乔纳·希尔","演員"
"1335",31335,"克里斯托夫·梅兹-普莱瑟","演員"
"1336",31336,"T·J·米勒","演員"
"1337",31337,"克里斯汀·韦格","演員"
"1338",31338,"罗宾·阿特金·唐斯","演員"
"1339",31339,"菲利普·麦格雷德","演員"
"1340",31340,"基隆·埃利奥特","演員"
"1341",31341,"阿什利·詹森","演員"
"1342",31342,"大卫·田纳特","演員"
"1343",31343,"本名阳子","演員"
"1344",31344,"小林桂树","演員"
"1345",31345,"高山南","演員"
"1346",31346,"高桥一生","演員"
"1347",31347,"山下容莉枝","演員"
"1348",31348,"室井滋","演員"
"1349",31349,"露口茂","演員"
"1350",31350,"饭冢雅弓","演員"
"1351",31351,"艾米·汉莫","演員"
"1352",31352,"蒂莫西·柴勒梅德","演員"
"1353",31353,"迈克尔·斯图巴","演員"
"1354",31354,"阿蜜拉·卡萨","演員"
"1355",31355,"艾斯特·加瑞尔","演員"
"1356",31356,"维克托瓦尔·杜·波依斯","演員"
"1357",31357,"旺妲·卡布里奥罗","演員"
"1358",31358,"安东尼奥·里莫尔迪","演員"
"1359",31359,"埃琳娜·布奇","演員"
"1360",31360,"马可·斯格罗索","演員"
"1361",31361,"安德列·艾席蒙","演員"
"1362",31362,"彼得·斯皮尔斯","演員"
"1363",31363,"林原惠美","演員"
"1364",31364,"江守彻","演員"
"1365",31365,"堀胜之祐","演員"
"1366",31366,"古谷彻","演員"
"1367",31367,"山寺宏一","演員"
"1368",31368,"田中秀幸","演員"
"1369",31369,"兴梠里美","演員"
"1370",31370,"岩田光央","演員"
"1371",31371,"爱河里花子","演員"
"1372",31372,"太田真一郎","演員"
"1373",31373,"福松进纱","演員"
"1374",31374,"胜杏里","演員"
"1375",31375,"宫下荣治","演員"
"1376",31376,"三户耕三","演員"
"1377",31377,"今敏","演員"
"1378",31378,"筒井康隆","演員"
"1379",31379,"午马","演員"
"1380",31380,"刘兆铭","演員"
"1381",31381,"林威","演員"
"1382",31382,"薛芷伦","演員"
"1383",31383,"胡大为","演員"
"1384",31384,"王晶","演員"
"1385",31385,"河正宇","演員"
"1386",31386,"全慧珍","演員"
"1387",31387,"李大为","演員"
"1388",31388,"榊原良子","演員"
"1389",31389,"辻村真人","演員"
"1390",31390,"京田尚子","演員"
"1391",31391,"纳谷悟朗","演員"
"1392",31392,"宫内幸平","演員"
"1393",31393,"八奈见乘儿","演員"
"1394",31394,"矢田稔","演員"
"1395",31395,"富永美伊奈","演員"
"1396",31396,"家弓家正","演員"
"1397",31397,"吉田理保子","演員"
"1398",31398,"菅谷政子","演員"
"1399",31399,"坂本千夏","演員"
"1400",31400,"麦人","演員"
"1401",31401,"大塚芳忠","演員"
"1402",31402,"马西娅·盖伊·哈登","演員"
"1403",31403,"詹姆斯·肯恩","演員"
"1404",31404,"克里斯蒂娜·亨德里克斯","演員"
"1405",31405,"刘玉玲","演員"
"1406",31406,"布莱思·丹纳","演員"
"1407",31407,"蒂姆·布雷克·尼尔森","演員"
"1408",31408,"威廉·彼德森","演員"
"1409",31409,"萨米·盖尔","演員"
"1410",31410,"Louis Zorich","演員"
"1411",31411,"小伊塞亚·维特洛克","演員"
"1412",31412,"David Hausen","演員"
"1413",31413,"约翰·塞纳迭姆博","演員"
"1414",31414,"西莉亚·奥","演員"
"1415",31415,"罗南·鲁宾斯坦","演員"
"1416",31416,"Al Calderon","演員"
"1417",31417,"布雷南·布朗","演員"
"1418",31418,"Reagan Leonard","演員"
"1419",31419,"詹姆斯·霍西","演員"
"1420",31420,"瑞内·菲利斯·史密斯","演員"
"1421",31421,"道格·伊·道格","演員"
"1422",31422,"Patricia Rae","演員"
"1423",31423,"萨曼萨·罗根","演員"
"1424",31424,"拉尔夫·罗德里格斯","演員"
"1425",31425,"亚历桑德雷·罗德里格斯","演員"
"1426",31426,"莱安德鲁·菲尔米诺","演員"
"1427",31427,"菲利佩·哈根森","演員"
"1428",31428,"道格拉斯·席尔瓦","演員"
"1429",31429,"乔纳森·哈根森","演員"
"1430",31430,"马修斯·纳克加勒","演員"
"1431",31431,"索·豪黑","演員"
"1432",31432,"艾莉丝·布拉加","演員"
"1433",31433,"弗农·多布切夫","演員"
"1434",31434,"路易丝·勒莫瓦纳·托雷斯","演員"
"1435",31435,"罗多尔·保利","演員"
"1436",31436,"玛丽安·普莱施泰格","演員"
"1437",31437,"Diabolo","演員"
"1438",31438,"丹尼·弗拉","演員"
"1439",31439,"艾伯特·德尔佩","演員"
"1440",31440,"玛丽·佩里","演員"
"1441",31441,"北野武","演員"
"1442",31442,"关口雄介","演員"
"1443",31443,"岸本加世子","演員"
"1444",31444,"グレート義太夫","演員"
"1445",31445,"井手博士","演員"
"1446",31446,"磨赤儿","演員"
"1447",31447,"大家由祐子","演員"
"1448",31448,"细川典江","演員"
"1449",31449,"今村鼠","演員"
"1450",31450,"凯瑟琳·泽塔-琼斯","演員"
"1451",31451,"斯坦利·图齐","演員"
"1452",31452,"齐·麦克布赖德","演員"
"1453",31453,"迭戈·卢纳","演員"
"1454",31454,"巴里·沙巴卡·亨利","演員"
"1455",31455,"库玛·帕拉纳","演員"
"1456",31456,"埃迪·琼斯","演員"
"1457",31457,"祖德·塞克利拉","演員"
"1458",31458,"科瑞·雷诺兹","演員"
"1459",31459,"古列雷莫·迪亚兹","演員"
"1460",31460,"里尼·贝尔","演員"
"1461",31461,"瓦列里·尼古拉耶夫","演員"
"1462",31462,"迈克尔·诺里","演員"
"1463",31463,"Bob Morrisey","演員"
"1464",31464,"萨沙·斯皮尔伯格","演員"
"1465",31465,"苏珊·索洛米","演員"
"1466",31466,"卡尔利斯·布克","演員"
"1467",31467,"Stephon Fuller","演員"
"1468",31468,"丹·芬纳蒂","演員"
"1469",31469,"Lydia Blanco","演員"
"1470",31470,"肯尼斯·崔","演員"
"1471",31471,"卡斯·安瓦尔","演員"
"1472",31472,"康拉德·皮拉","演員"
"1473",31473,"杜桑恩·杜基齐","演員"
"1474",31474,"马克·伊瓦涅","演員"
"1475",31475,"Benny Golson","演員"
"1476",31476,"斯科特·安第斯","演員"
"1477",31477,"罗伯特·科瓦吕比亚","演員"
"1478",31478,"Dilva Henry","演員"
"1479",31479,"卡尔艾拉切","演員"
"1480",31480,"Hayati Akbas","演員"
"1481",31481,"艾力克斯·伯恩斯","演員"
"1482",31482,"埃莱娜·卡多纳","演員"
"1483",31483,"Dan Chase","演員"
"1484",31484,"查得·R·戴维斯","演員"
"1485",31485,"Antonella Elia","演員"
"1486",31486,"Michael Eliopoulos","演員"
"1487",31487,"Marston Fobbs","演員"
"1488",31488,"Riad Galayini","演員"
"1489",31489,"Jerald Garner","演員"
"1490",31490,"Justin Rodgers Hall","演員"
"1491",31491,"Mohammed Hassan","演員"
"1492",31492,"Amber Havens","演員"
"1493",31493,"Ksenia Jarova","演員"
"1494",31494,"Barry Julien","演員"
"1495",31495,"Svilena Kidess","演員"
"1496",31496,"Zuzana Monroe","演員"
"1497",31497,"艾丽西亚·奥奇瑟","演員"
"1498",31498,"本杰明·奥切恩格","演員"
"1499",31499,"迈克尔·刚本","演員"
"1500",31500,"伊文娜·林奇","演員"
"1501",31501,"多姆纳尔·格里森","演員"
"1502",31502,"克蕾曼丝·波西","演員"
"1503",31503,"詹森·艾萨克","演員"
"1504",31504,"海伦·麦克洛瑞","演員"
"1505",31505,"马修·刘易斯","演員"
"1506",31506,"梁佩诗","演員"
"1507",31507,"吉姆·布劳德本特","演員"
"1508",31508,"艾玛·汤普森","演員"
"1509",31509,"娜塔丽·特纳","演員"
"1510",31510,"蒂莫西·斯波","演員"
"1511",31511,"大卫·布拉德利","演員"
"1512",31512,"凯莉·麦克唐纳","演員"
"1513",31513,"塞伦·希德","演員"
"1514",31514,"金相庆","演員"
"1515",31515,"金雷河","演員"
"1516",31516,"宋在浩","演員"
"1517",31517,"朴努植","演員"
"1518",31518,"朴海日","演員"
"1519",31519,"边熙峰","演員"
"1520",31520,"高瑞熙","演員"
"1521",31521,"郑仁仙","演員"
"1522",31522,"柳承龙","演員"
"1523",31523,"朴信惠","演員"
"1524",31524,"郑镇荣","演員"
"1525",31525,"金正泰","演員"
"1526",31526,"朴元尚","演員"
"1527",31527,"郑满植","演員"
"1528",31528,"葛素媛","演員"
"1529",31529,"史蒂夫·卡瑞尔","演員"
"1530",31530,"杰森·席格尔","演員"
"1531",31531,"拉塞尔·布兰德","演員"
"1532",31532,"威尔·阿奈特","演員"
"1533",31533,"米兰达·卡斯格拉夫","演員"
"1534",31534,"达纳·盖尔","演員"
"1535",31535,"艾尔西·费舍尔","演員"
"1536",31536,"皮埃尔·柯芬","演員"
"1537",31537,"克里斯·雷纳德","演員"
"1538",31538,"杰梅奈·克莱门特","演員"
"1539",31539,"杰克·麦克布瑞尔","演員"
"1540",31540,"丹尼·麦克布莱德","演員"
"1541",31541,"敏迪·卡灵","演員"
"1542",31542,"罗布·许贝尔","演員"
"1543",31543,"肯·道里欧","演員"
"1544",31544,"郑肯","演員"
"1545",31545,"志田未来","演員"
"1546",31546,"树木希林","演員"
"1547",31547,"三浦友和","演員"
"1548",31548,"大竹忍","演員"
"1549",31549,"竹下景子","演員"
"1550",31550,"藤原龙也","演員"
"1551",31551,"佐仓绫音","演員"
"1552",31552,"内山昂辉","演員"
"1553",31553,"辻亲八","演員"
"1554",31554,"山本兼平","演員"
"1555",31555,"后藤弘树","演員"
"1556",31556,"今井麻美","演員"
"1557",31557,"陈百祥","演員"
"1558",31558,"郑佩佩","演員"
"1559",31559,"朱咪咪","演員"
"1560",31560,"梁家仁","演員"
"1561",31561,"苑琼丹","演員"
"1562",31562,"梁荣忠","演員"
"1563",31563,"黄一山","演員"
"1564",31564,"黄霑","演員"
"1565",31565,"吴镇宇","演員"
"1566",31566,"刘家辉","演員"
"1567",31567,"谷德昭","演員"
"1568",31568,"陈辉虹","演員"
"1569",31569,"宣萱","演員"
"1570",31570,"温翠苹","演員"
"1571",31571,"汤姆·哈迪","演員"
"1572",31572,"约瑟夫·高登-莱维特","演員"
"1573",31573,"朱诺·坦普尔","演員"
"1574",31574,"乔什·平茨","演員"
"1575",31575,"丹尼尔·逊亚塔","演員"
"1576",31576,"伯恩·戈曼","演員"
"1577",31577,"连姆·尼森","演員"
"1578",31578,"乔伊·金","演員"
"1579",31579,"艾丹·吉伦","演員"
"1580",31580,"马修·莫迪恩","演員"
"1581",31581,"本·门德尔森","演員"
"1582",31582,"瑞恩·波特","演員"
"1583",31583,"丹尼尔·海尼","演員"
"1584",31584,"杰米·钟","演員"
"1585",31585,"小达蒙·韦恩斯","演員"
"1586",31586,"珍尼希斯·罗德里格兹","演員"
"1587",31587,"詹姆斯·克伦威尔","演員"
"1588",31588,"艾伦·图代克","演員"
"1589",31589,"玛娅·鲁道夫","演員"
"1590",31590,"亚布拉哈姆·本鲁比","演員"
"1591",31591,"凯蒂·洛斯","演員"
"1592",31592,"比利·布什","演員"
"1593",31593,"丹尼尔·吉尔森","演員"
"1594",31594,"保罗·布里格斯","演員"
"1595",31595,"约翰·古德曼","演員"
"1596",31596,"比利·克里斯托","演員"
"1597",31597,"玛丽·吉布斯","演員"
"1598",31598,"詹姆斯·柯本","演員"
"1599",31599,"詹妮弗·提莉","演員"
"1600",31600,"弗兰克·奥兹","演員"
"1601",31601,"邦尼·亨特","演員"
"1602",31602,"杰克·安杰尔","演員"
"1603",31603,"塞缪尔·洛德·布莱克","演員"
"1604",31604,"史蒂夫·萨斯坎德","演員"
"1605",31605,"吴君如","演員"
"1606",31606,"任达华","演員"
"1607",31607,"钟绍图","演員"
"1608",31608,"李治廷","演員"
"1609",31609,"蔡颖恩","演員"
"1610",31610,"秦沛","演員"
"1611",31611,"夏萍","演員"
"1612",31612,"许鞍华","演員"
"1613",31613,"庄域飞","演員"
"1614",31614,"威廉希路","演員"
"1615",31615,"李健兴","演員"
"1616",31616,"林耀祺","演員"
"1617",31617,"廖爱玲","演員"
"1618",31618,"张翼东","演員"
"1619",31619,"钱耀荣","演員"
"1620",31620,"谭瓒强","演員"
"1621",31621,"陈庆航","演員"
"1622",31622,"黎祥荣","演員"
"1623",31623,"雷·沃纳尔","演員"
"1624",31624,"加利·艾尔维斯","演員"
"1625",31625,"丹尼·格洛弗","演員"
"1626",31626,"肯·梁","演員"
"1627",31627,"迪娜·迈耶","演員"
"1628",31628,"迈克·巴特斯","演員"
"1629",31629,"保罗·古德勒支","演員"
"1630",31630,"迈克尔·爱默生","演員"
"1631",31631,"本尼托·马丁内斯","演員"
"1632",31632,"肖妮·史密斯","演員"
"1633",31633,"麦肯兹·韦加","演員"
"1634",31634,"莫妮卡·波特","演員"
"1635",31635,"耐德·巴拉米","演員"
"1636",31636,"亚丽姗卓·全","演員"
"1637",31637,"托宾·贝尔","演員"
"1638",31638,"三船敏郎","演員"
"1639",31639,"志村乔","演員"
"1640",31640,"稻叶义男","演員"
"1641",31641,"宫口精二","演員"
"1642",31642,"千秋实","演員"
"1643",31643,"加东大介","演員"
"1644",31644,"木村功","演員"
"1645",31645,"朱丽娅·斯蒂尔斯","演員"
"1646",31646,"大卫·斯特雷泽恩","演員"
"1647",31647,"帕迪·康斯戴恩","演員"
"1648",31648,"埃德加·拉米雷兹","演員"
"1649",31649,"琼·艾伦","演員"
"1650",31650,"Tom Gallop","演員"
"1651",31651,"丹尼尔·布鲁尔","演員"
"1652",31652,"乔伊·安沙","演員"
"1653",31653,"科林·斯廷顿","演員"
"1654",31654,"丹·弗雷登堡","演員"
"1655",31655,"Lucy Liemann","演員"
"1656",31656,"休·格兰特","演員"
"1657",31657,"科林·费尔斯","演員"
"1658",31658,"托马斯·布罗迪-桑斯特","演員"
"1659",31659,"比尔·奈伊","演員"
"1660",31660,"马丁·弗瑞曼","演員"
"1661",31661,"劳拉·琳妮","演員"
"1662",31662,"克里斯·马歇尔","演員"
"1663",31663,"罗德里戈·桑托罗","演員"
"1664",31664,"比利·鲍伯·松顿","演員"
"1665",31665,"玛汀·麦古基安","演員"
"1666",31666,"安德鲁·林肯","演員"
"1667",31667,"露西娅·莫尼斯","演員"
"1668",31668,"海克·玛卡琪","演員"
"1669",31669,"柳乐优弥","演員"
"1670",31670,"北浦爱","演員"
"1671",31671,"木村飞影","演員"
"1672",31672,"清水萌萌子","演員"
"1673",31673,"韩英惠","演員"
"1674",31674,"江原由希子","演員"
"1675",31675,"串田和美","演員"
"1676",31676,"冈元夕纪子","演員"
"1677",31677,"楯隆子","演員"
"1678",31678,"加濑亮","演員"
"1679",31679,"村野友希","演員"
"1680",31680,"田中庆太","演員"
"1681",31681,"木村佑一","演員"
"1682",31682,"远藤宪一","演員"
"1683",31683,"寺岛进","演員"
"1684",31684,"平泉成","演員"
"1685",31685,"尼古拉斯·凯奇","演員"
"1686",31686,"艾玛·斯通","演員"
"1687",31687,"瑞恩·雷诺兹","演員"
"1688",31688,"凯瑟琳·基纳","演員"
"1689",31689,"克萝丽丝·利奇曼","演員"
"1690",31690,"克拉克·杜克","演員"
"1691",31691,"克里斯·桑德斯","演員"
"1692",31692,"兰迪·汤姆","演員"
"1693",31693,"金素梅","演員"
"1694",31694,"米切尔·利希藤斯坦","演員"
"1695",31695,"狄龙","演員"
"1696",31696,"朱宝意","演員"
"1697",31697,"李子雄","演員"
"1698",31698,"田丰","演員"
"1699",31699,"吴宇森","演員"
"1700",31700,"曾江","演員"
"1701",31701,"成奎安","演員"
"1702",31702,"徐克","演員"
"1703",31703,"陈志辉","演員"
"1704",31704,"辰己努","演員"
"1705",31705,"白石绫乃","演員"
"1706",31706,"志乃原良子","演員"
"1707",31707,"山口朱美","演員"
"1708",31708,"端田宏三","演員"
"1709",31709,"杨采妮","演員"
"1710",31710,"邹兆龙","演員"
"1711",31711,"戴夫·帕特尔","演員"
"1712",31712,"沙鲁巴·舒克拉","演員"
"1713",31713,"亚尼·卡普","演員"
"1714",31714,"拉詹德拉纳斯·祖特施","演員"
"1715",31715,"吉尼瓦·塔瓦尔","演員"
"1716",31716,"芙蕾达·平托","演員"
"1717",31717,"爱资哈尔丁·穆罕默德·伊斯梅尔","演員"
"1718",31718,"阿什·马赫什·舍德卡","演員"
"1719",31719,"马赫什·曼杰瑞卡","演員"
"1720",31720,"麦活·米泰尔","演員"
"1721",31721,"米拉·库尼斯","演員"
"1722",31722,"文森特·卡索","演員"
"1723",31723,"芭芭拉·赫希","演員"
"1724",31724,"本杰明·米派德","演員"
"1725",31725,"克塞尼亚·索罗","演員"
"1726",31726,"克里斯汀娜·安娜波","演員"
"1727",31727,"詹妮特·蒙哥马利","演員"
"1728",31728,"塞巴斯蒂安·斯坦","演員"
"1729",31729,"托比·海明威","演員"
"1730",31730,"塞尔吉奥·托拉多","演員"
"1731",31731,"马克·马戈利斯","演員"
"1732",31732,"蒂娜·斯隆","演員"
"1733",31733,"亚伯拉罕·阿罗诺夫斯基","演員"
"1734",31734,"夏洛特·阿罗诺夫斯基","演員"
"1735",31735,"玛西娅·让·库尔茨","演員"
"1736",31736,"肖恩·奥哈根","演員"
"1737",31737,"克里斯托弗·加廷","演員"
"1738",31738,"黛博拉·奥夫纳","演員"
"1739",31739,"斯坦利·B·赫尔曼","演員"
"1740",31740,"库尔特·弗勒曼","演員"
"1741",31741,"帕特里克·赫辛格","演員"
"1742",31742,"莎拉·海伊","演員"
"1743",31743,"盖·皮尔斯","演員"
"1744",31744,"小马克·布恩","演員"
"1745",31745,"拉什·费加","演員"
"1746",31746,"乔雅·福克斯","演員"
"1747",31747,"斯蒂芬·托布罗斯基","演員"
"1748",31748,"哈里特·桑塞姆·哈里斯","演員"
"1749",31749,"托马斯·列农","演員"
"1750",31750,"金伯利·坎贝尔","演員"
"1751",31751,"玛丽安妮·穆勒雷尔","演員"
"1752",31752,"拉里·霍尔登","演員"
"1753",31753,"安德鲁·加菲尔德","演員"
"1754",31754,"文斯·沃恩","演員"
"1755",31755,"卢克·布雷西","演員"
"1756",31756,"泰莉莎·帕尔墨","演員"
"1757",31757,"瑞切尔·格里菲斯","演員"
"1758",31758,"纳撒尼尔·布佐尼克","演員"
"1759",31759,"理查德·劳斯伯格","演員"
"1760",31760,"马特·纳夫莱","演員"
"1761",31761,"费拉斯·迪拉尼","演員"
"1762",31762,"瑞安·柯尔","演員"
"1763",31763,"卢克·佩格勒","演員"
"1764",31764,"马修·麦克费登","演員"
"1765",31765,"唐纳德·萨瑟兰","演員"
"1766",31766,"布兰达·布莱斯","演員"
"1767",31767,"凯瑞·穆里根","演員"
"1768",31768,"吉娜·马隆","演員"
"1769",31769,"妲露拉·莱莉","演員"
"1770",31770,"朱迪·丹奇","演員"
"1771",31771,"西蒙·伍兹","演員"
"1772",31772,"克劳迪·布莱克利","演員"
"1773",31773,"汤姆·霍兰德","演員"
"1774",31774,"凯利·蕾莉","演員"
"1775",31775,"皮普·托伦斯","演員"
"1776",31776,"西妮德·马修斯","演員"
"1777",31777,"佩内洛普·威尔顿","演員"
"1778",31778,"塔姆金·莫钦特","演員"
"1779",31779,"霍卫民","演員"
"1780",31780,"王笑天","演員"
"1781",31781,"罗芸","演員"
"1782",31782,"杨瑜珍","演員"
"1783",31783,"孙黎","演員"
"1784",31784,"邵胜杰","演員"
"1785",31785,"曹西安","演員"
"1786",31786,"贾致钢","演員"
"1787",31787,"朱自清","演員"
"1788",31788,"王梓尘","演員"
"1789",31789,"赵梓彤","演員"
"1790",31790,"贾世忠","演員"
"1791",31791,"袁满","演員"
"1792",31792,"陈梅生","演員"
"1793",31793,"张景素","演員"
"1794",31794,"平坦","演員"
"1795",31795,"金子","演員"
"1796",31796,"张建军","演員"
"1797",31797,"瑞秋·麦克亚当斯","演員"
"1798",31798,"莉迪亚·威尔逊","演員"
"1799",31799,"琳赛·邓肯","演員"
"1800",31800,"理查德·科德里","演員"
"1801",31801,"约书亚·麦圭尔","演員"
"1802",31802,"玛格特·罗比","演員"
"1803",31803,"维尔·梅里克","演員"
"1804",31804,"凡妮莎·柯比","演員"
"1805",31805,"汤姆·休斯","演員"
"1806",31806,"哈利·海顿-佩顿","演員"
"1807",31807,"米切尔·马伦","演員"
"1808",31808,"丽莎·艾科恩","演員"
"1809",31809,"珍妮·莱恩斯福德","演員"
"1810",31810,"菲利普-沃斯","演員"
"1811",31811,"凯瑟琳·斯戴曼","演員"
"1812",31812,"汤姆·斯托顿","演員"
"1813",31813,"安部春香","演員"
"1814",31814,"李·阿斯奎斯-柯","演員"
"1815",31815,"理查德·班克斯","演員"
"1816",31816,"保罗·布莱克维尔","演員"
"1817",31817,"贝恩·科拉科","演員"
"1818",31818,"格拉姆·柯里","演員"
"1819",31819,"罗薇娜·戴蒙德","演員"
"1820",31820,"约翰·达根","演員"
"1821",31821,"迪诺·法赞尼","演員"
"1822",31822,"内芙·加切夫","演員"
"1823",31823,"理查德·E·格兰特","演員"
"1824",31824,"理查德·格雷弗斯","演員"
"1825",31825,"李·尼古拉斯·哈里斯","演員"
"1826",31826,"理查德·赫德曼","演員"
"1827",31827,"李仙湖","演員"
"1828",31828,"马修·C·马蒂诺","演員"
"1829",31829,"马汀·麦格","演員"
"1830",31830,"Alex Moore","演員"
"1831",31831,"达里奥·格兰迪内蒂","演員"
"1832",31832,"玛丽娅·玛努尔","演員"
"1833",31833,"莫妮卡·比利亚","演員"
"1834",31834,"丽塔·科尔泰塞","演員"
"1835",31835,"胡丽叶塔·泽尔贝伯格","演員"
"1836",31836,"凯撒·博尔东","演員"
"1837",31837,"莱昂纳多·斯巴拉格利亚","演員"
"1838",31838,"沃尔特·多纳多","演員"
"1839",31839,"里卡多·达林","演員"
"1840",31840,"南希·杜普拉","演員"
"1841",31841,"奥斯卡·马丁内兹","演員"
"1842",31842,"玛莉亚·奥内托","演員"
"1843",31843,"奥斯马·努涅斯","演員"
"1844",31844,"赫尔曼·德·席尔瓦","演員"
"1845",31845,"艾丽卡·里瓦斯","演員"
"1846",31846,"地亚哥·詹蒂莱","演員"
"1847",31847,"玛格丽塔·莫菲诺","演員"
"1848",31848,"钟楚红","演員"
"1849",31849,"朱江","演員"
"1850",31850,"胡枫","演員"
"1851",31851,"唐宁","演員"
"1852",31852,"邓一君","演員"
"1853",31853,"达斯汀·霍夫曼","演員"
"1854",31854,"汤姆·克鲁斯","演員"
"1855",31855,"瓦莱丽亚·戈利诺","演員"
"1856",31856,"安迪·加西亚","演員"
"1857",31857,"埃里·瓦拉赫","演員"
"1858",31858,"乔·曼特纳","演員"
"1859",31859,"乔治·汉密尔顿","演員"
"1860",31860,"布里吉特·芳达","演員"
"1861",31861,"索菲亚·科波拉","演員"
"1862",31862,"雷夫·瓦朗","演員"
"1863",31863,"弗兰克·德安布罗西奥","演員"
"1864",31864,"敦尔·当纳利","演員"
"1865",31865,"赫尔穆特·贝格","演員"
"1866",31866,"唐·诺韦洛","演員"
"1867",31867,"马修·麦康纳","演員"
"1868",31868,"史蒂夫·茨恩","演員"
"1869",31869,"达拉斯·罗伯特斯","演員"
"1870",31870,"凯文·兰金","演員"
"1871",31871,"丹尼斯·欧哈拉","演員"
"1872",31872,"简·麦克尼尔","演員"
"1873",31873,"格里芬·邓恩","演員"
"1874",31874,"詹姆斯·杜蒙特","演員"
"1875",31875,"朱丽叶·里夫斯","演員"
"1876",31876,"斯蒂菲·格罗特","演員"
"1877",31877,"J·D·埃弗摩尔","演員"
"1878",31878,"蒂姆·艾伦","演員"
"1879",31879,"琼·库萨克","演員"
"1880",31880,"尼德·巴蒂","演員"
"1881",31881,"唐·里克斯","演員"
"1882",31882,"迈克尔·基顿","演員"
"1883",31883,"凯文·科斯特纳","演員"
"1884",31884,"劳拉·邓恩","演員"
"1885",31885,"克林特·伊斯特伍德","演員"
"1886",31886,"T·J·劳瑟","演員"
"1887",31887,"唐·钱德尔","演員"
"1888",31888,"苏菲·奥康内多","演員"
"1889",31889,"杰昆·菲尼克斯","演員"
"1890",31890,"尼克·诺特","演員"
"1891",31891,"哈基姆·凯-卡西姆","演員"
"1892",31892,"托尼·戈罗奇","演員"
"1893",31893,"法纳·莫科纳","演員"
"1894",31894,"大卫·奥哈拉","演員"
"1895",31895,"莫苏西·麦格诺","演員"
"1896",31896,"西莫·莫加瓦扎","演員"
"1897",31897,"卡拉·西摩","演員"
"1898",31898,"罗伯托·西特兰","演員"
"1899",31899,"德斯蒙德·杜布","演員"
"1900",31900,"蕾乐蒂·库马洛","演員"
"1901",31901,"潘迪华","演員"
"1902",31902,"萧炳林","演員"
"1903",31903,"张耀扬","演員"
"1904",31904,"孙佳君","演員"
"1905",31905,"钱似莺","演員"
"1906",31906,"顾锦华","演員"
"1907",31907,"卢卡斯·赫奇斯","演員"
"1908",31908,"C·J·威尔逊","演員"
"1909",31909,"凯尔·钱德勒","演員"
"1910",31910,"卡拉·海沃德","演員"
"1911",31911,"格瑞辰·摩尔","演員"
"1912",31912,"泰特·多诺万","演員"
"1913",31913,"埃里卡·麦克德莫特","演員"
"1914",31914,"希瑟·伯恩斯","演員"
"1915",31915,"蜜西·雅格","演員"
"1916",31916,"斯蒂芬·亨德森","演員"
"1917",31917,"本·汉森","演員"
"1918",31918,"玛丽·梅伦","演員"
"1919",31919,"安东尼·埃斯特拉","演員"
"1920",31920,"苏珊·波尔法","演員"
"1921",31921,"罗伯特·塞拉","演員"
"1922",31922,"卡罗琳·皮克曼","演員"
"1923",31923,"约什·汉密尔顿","演員"
"1924",31924,"肖恩·菲茨吉本","演員"
"1925",31925,"肯尼思·洛纳根","演員"
"1926",31926,"安娜·巴瑞辛尼科夫","演員"
"1927",31927,"利亚姆·麦克尼尔","演員"
"1928",31928,"Kt·巴达萨罗","演員"
"1929",31929,"威廉·博恩凯塞尔","演員"
"1930",31930,"弗兰克·达戈斯蒂诺","演員"
"1931",31931,"托马斯·马里亚诺","演員"
"1932",31932,"皮尔斯·布鲁斯南","演員"
"1933",31933,"宫泽理惠","演員"
"1934",31934,"小佩德罗·阿门达里斯","演員"
"1935",31935,"马蒂亚斯·勃兰特","演員"
"1936",31936,"阿尔多","演員"
"1937",31937,"兰斯洛特·佩林","演員"
"1938",31938,"Manolo Garcia","演員"
"1939",31939,"瑞恩·高斯林","演員"
"1940",31940,"吉娜·罗兰兹","演員"
"1941",31941,"詹姆斯·加纳","演員"
"1942",31942,"斯塔尔勒塔·杜波利斯","演員"
"1943",31943,"凯文·康诺利","演員"
"1944",31944,"希瑟·沃奎斯特","演員"
"1945",31945,"杰弗里·奈特","演員"
"1946",31946,"詹姆斯·麦斯登","演員"
"1947",31947,"路易·德·菲奈斯","演員"
"1948",31948,"布尔维尔","演員"
"1949",31949,"克劳迪奥·布鲁克","演員"
"1950",31950,"安德丽·帕里西","演員"
"1951",31951,"科莱特·布罗塞","演員"
"1952",31952,"迈克·马歇尔","演員"
"1953",31953,"玛丽·马凯","演員"
"1954",31954,"皮埃尔·贝尔坦","演員"
"1955",31955,"本诺·施特岑巴赫","演員"
"1956",31956,"玛丽·杜布瓦","演員"
"1957",31957,"特里-托马斯","演員"
"1958",31958,"西戈德·拉普","演員"
"1959",31959,"赖因哈德·科尔德霍夫","演員"
"1960",31960,"赫尔穆特·施奈德","演員"
"1961",31961,"保罗·普雷博伊斯特","演員"
"1962",31962,"汉斯·迈尔","演員"
"1963",31963,"居伊·格罗索","演員"
"1964",31964,"米歇尔·莫多","演員"
"1965",31965,"彼得·雅各布","演員"
"1966",31966,"吕迪·勒努瓦","演員"
"1967",31967,"诺埃尔·达扎尔","演員"
"1968",31968,"皮埃尔·鲁塞尔","演員"
"1969",31969,"皮埃尔·巴斯蒂安","演員"
"1970",31970,"雅克·萨布隆","演員"
"1971",31971,"玛格·阿夫里尔","演員"
"1972",31972,"雅克·博杜因","演員"
"1973",31973,"加布里埃尔·戈班","演員"
"1974",31974,"保罗·梅塞","演員"
"1975",31975,"亨利·热内斯","演員"
"1976",31976,"山口胜平","演員"
"1977",31977,"加藤清史郎","演員"
"1978",31978,"原田知世","演員"
"1979",31979,"川岛得爱","演員"
"1980",31980,"折笠富美子","演員"
"1981",31981,"桐本拓哉","演員"
"1982",31982,"別所哲也","演員"
"1983",31983,"川村万梨阿","演員"
"1984",31984,"高乃丽","演員"
"1985",31985,"小室正幸","演員"
"1986",31986,"江川央生","演員"
"1987",31987,"志村知幸","演員"
"1988",31988,"胜沼纪义","演員"
"1989",31989,"井田国男","演員"
"1990",31990,"宫西达也","演員"
"1991",31991,"宫西美奈子","演員"
"1992",31992,"杰米·福克斯","演員"
"1993",31993,"克里斯托弗·沃尔兹","演員"
"1994",31994,"凯丽·华盛顿","演員"
"1995",31995,"沃尔顿·戈金斯","演員"
"1996",31996,"丹尼斯·克里斯托弗","演員"
"1997",31997,"詹姆斯·瑞马尔","演員"
"1998",31998,"爱波·塔布琳","演員"
"1999",31999,"弗兰科·内罗","演員"
"2000",32000,"罗伯特·卡拉丁","演員"
"2001",32001,"佐伊·贝尔","演員"
"2002",32002,"NA","演員"
"2003",32003,"艾米·波勒","演員"
"2004",32004,"菲利丝·史密斯","演員"
"2005",32005,"理查德·坎德","演員"
"2006",32006,"比尔·哈德尔","演員"
"2007",32007,"刘易斯·布莱克","演員"
"2008",32008,"凯特林·迪亚斯","演員"
"2009",32009,"戴安·琳恩","演員"
"2010",32010,"凯尔·麦克拉克伦","演員"
"2011",32011,"波拉·庞德斯通","演員"
"2012",32012,"鲍比·莫尼汉","演員"
"2013",32013,"宝拉·佩尔","演員"
"2014",32014,"大卫·戈尔兹","演員"
"2015",32015,"弗利","演員"
"2016",32016,"卡洛斯·阿拉斯拉奇","演員"
"2017",32017,"皮特·萨加尔","演員"
"2018",32018,"拉什达·琼斯","演員"
"2019",32019,"罗里·艾伦","演員"
"2020",32020,"约翰·齐甘","演員"
"2021",32021,"雪莉·琳恩","演員"
"2022",32022,"拉瑞恩·纽曼","演員"
"2023",32023,"帕丽斯·冯·戴克","演員"
"2024",32024,"弗兰西斯·麦克多蒙德","演員"
"2025",32025,"伍迪·哈里森","演員"
"2026",32026,"山姆·洛克威尔","演員"
"2027",32027,"艾比·考尼什","演員"
"2028",32028,"彼特·丁拉基","演員"
"2029",32029,"约翰·浩克斯","演員"
"2030",32030,"卡赖伯·兰德里·琼斯","演員"
"2031",32031,"凯瑟琳·纽顿","演員"
"2032",32032,"凯瑞·康顿","演員"
"2033",32033,"泽利科·伊万内克","演員"
"2034",32034,"萨玛拉·维文","演員"
"2035",32035,"克拉克·彼得斯","演員"
"2036",32036,"尼克·西塞","演員"
"2037",32037,"阿曼达·沃伦","演員"
"2038",32038,"玛拉雅·瑞沃拉·德鲁 ","演員"
"2039",32039,"布兰登·萨克斯顿","演員"
"2040",32040,"迈克尔·艾伦·米利甘","演員"
"2041",32041,"约翰·C·赖利","演員"
"2042",32042,"萨拉·西尔弗曼","演員"
"2043",32043,"简·林奇","演員"
"2044",32044,"乔·洛·特鲁格里奥","演員"
"2045",32045,"艾德·奥尼尔","演員"
"2046",32046,"丹尼斯·海斯伯特","演員"
"2047",32047,"伊迪·迈克莱尔","演員"
"2048",32048,"雷蒙德·S·佩尔西","演員"
"2049",32049,"瑞秋·哈里斯","演員"
"2050",32050,"斯盖拉·阿斯丁","演員"
"2051",32051,"亚当·卡罗拉","演員"
"2052",32052,"霍拉提奥·桑斯","演員"
"2053",32053,"莫里斯·拉马奇","演員"
"2054",32054,"斯戴芬妮·斯考特","演員"
"2055",32055,"约翰·迪·玛吉欧","演員"
"2056",32056,"瑞奇·摩尔","演員"
"2057",32057,"贾米·埃曼","演員"
"2058",32058,"乔西·特立尼达","演員"
"2059",32059,"辛贝·沃克","演員"
"2060",32060,"塔克·吉莫尔","演員"
"2061",32061,"布兰登·斯考特","演員"
"2062",32062,"蒂姆·梅尔滕斯","演員"
"2063",32063,"凯文·迪特斯","演員"
"2064",32064,"杰洛·里佛斯","演員"
"2065",32065,"马丁·贾维斯","演員"
"2066",32066,"布莱恩·克辛格","演員"
"2067",32067,"罗杰·克莱格·史密斯","演員"
"2068",32068,"菲尔·约翰斯顿","演員"
"2069",32069,"鲁本·兰登","演員"
"2070",32070,"凯尔·赫伯特","演員"
"2071",32071,"洁米·斯贝勒·罗伯茨","演員"
"2072",32072,"尼克·格里姆肖","演員"
"2073",32073,"吉恩·凯利","演員"
"2074",32074,"唐纳德·奥康纳","演員"
"2075",32075,"黛比·雷诺斯","演員"
"2076",32076,"简·哈根","演員"
"2077",32077,"米勒德·米切尔","演員"
"2078",32078,"赛德·查里斯","演員"
"2079",32079,"达格拉斯·福雷","演員"
"2080",32080,"丽塔·莫雷诺","演員"
"2081",32081,"道恩·艾达丝","演員"
"2082",32082,"John Albright","演員"
"2083",32083,"Betty Allen","演員"
"2084",32084,"Bette Arlen","演員"
"2085",32085,"David Bair","演員"
"2086",32086,"玛格丽特·伯特","演員"
"2087",32087,"Madge Blake","演員"
"2088",32088,"Gail Bonney","演員"
"2089",32089,"Chet Brandenburg","演員"
"2090",32090,"梅·克拉克","演員"
"2091",32091,"Harry Cody","演員"
"2092",32092,"Chick Collins","演員"
"2093",32093,"Pat Conway","演員"
"2094",32094,"Jeanne Coyne","演員"
"2095",32095,"Fred Datig Jr.","演員"
"2096",32096,"Kay Deslys","演員"
"2097",32097,"John Dodsworth","演員"
"2098",32098,"金·多诺万","演員"
"2099",32099,"Phil Dunham","演員"
"2100",32100,"海伦·艾比罗克","演員"
"2101",32101,"Richard Emory","演員"
"2102",32102,"Tommy Farrell","演員"
"2103",32103,"Ernie Flatt","演員"
"2104",32104,"贝丝·弗劳尔斯","演員"
"2105",32105,"罗伯特·福捷","演員"
"2106",32106,"Dan Foster","演員"
"2107",32107,"Robert Foulk","演員"
"2108",32108,"Eric Freeman","演員"
"2109",32109,"凯瑟琳·弗里曼","演員"
"2110",32110,"兰斯·富勒","演員"
"2111",32111,"杰克·乔治","演員"
"2112",32112,"John George","演員"
"2113",32113,"Inez Gorman","演員"
"2114",32114,"A. Cameron Grant","演員"
"2115",32115,"Beatrice Gray","演員"
"2116",32116,"William Hamel","演員"
"2117",32117,"Timmy Hawkins","演員"
"2118",32118,"Jean Heremans","演員"
"2119",32119,"斯图尔特·霍姆斯","演員"
"2120",32120,"肯纳G.肯普","演員"
"2121",32121,"迈克·拉里","演員"
"2122",32122,"乔伊·兰辛","演員"
"2123",32123,"William F. Leicester","演員"
"2124",32124,"Sylvia Lewis","演員"
"2125",32125,"雷·罗马诺","演員"
"2126",32126,"约翰·雷吉扎莫","演員"
"2127",32127,"丹尼斯·利瑞","演員"
"2128",32128,"杰克·布莱克","演員"
"2129",32129,"上白石萌音","演員"
"2130",32130,"长泽雅美","演員"
"2131",32131,"市原悦子","演員"
"2132",32132,"成田凌","演員"
"2133",32133,"悠木碧","演員"
"2134",32134,"岛崎信长","演員"
"2135",32135,"石川界人","演員"
"2136",32136,"谷花音","演員"
"2137",32137,"寺杣昌纪","演員"
"2138",32138,"大原沙耶香","演員"
"2139",32139,"井上和彦","演員"
"2140",32140,"茶风林","演員"
"2141",32141,"加藤有花","演員"
"2142",32142,"花泽香菜","演員"
"2143",32143,"寺崎裕香","演員"
"2144",32144,"艾丹·奎因","演員"
"2145",32145,"亨利·托马斯","演員"
"2146",32146,"卡琳娜·隆巴德","演員"
"2147",32147,"坦图·卡丁诺","演員"
"2148",32148,"高登·图托西斯","演員"
"2149",32149,"克里斯蒂娜·皮克勒斯","演員"
"2150",32150,"约翰·诺瓦克","演員"
"2151",32151,"肯尼斯·威尔什","演員"
"2152",32152,"尼格尔·本内特","演員"
"2153",32153,"基根·麦金托什","演員"
"2154",32154,"埃里克·约翰逊","演員"
"2155",32155,"兰德尔·斯莱文","演員"
"2156",32156,"Charles Andre","演員"
"2157",32157,"肯·科齐格","演員"
"2158",32158,"Winnie Hung","演員"
"2159",32159,"巴特熊","演員"
"2160",32160,"Greg Fawcett","演員"
"2161",32161,"加里·A·赫克","演員"
"2162",32162,"Matthew Robert Kelly","演員"
"2163",32163,"西恩·潘","演員"
"2164",32164,"达科塔·范宁","演員"
"2165",32165,"米歇尔·菲佛","演員"
"2166",32166,"洛雷塔·迪瓦恩","演員"
"2167",32167,"理查德·希夫","演員"
"2168",32168,"迈尔斯·特勒","演員"
"2169",32169,"J·K·西蒙斯","演員"
"2170",32170,"保罗·雷瑟","演員"
"2171",32171,"梅莉莎·班诺伊","演員"
"2172",32172,"奥斯汀·斯托维尔","演員"
"2173",32173,"内特·朗","演員"
"2174",32174,"克里斯·马尔基","演員"
"2175",32175,"达蒙·冈普顿","演員"
"2176",32176,"Suanne Spoke","演員"
"2177",32177,"马科斯·卡锡","演員"
"2178",32178,"Charlie Ian","演員"
"2179",32179,"杰森·布莱尔","演員"
"2180",32180,"科菲·斯里博伊","演員"
"2181",32181,"卡维塔帕蒂尔","演員"
"2182",32182,"C.J. Vana","演員"
"2183",32183,"塔里克·洛维","演員"
"2184",32184,"卡尔文·C·温布什","演員"
"2185",32185,"迈克尔·D·科恩","演員"
"2186",32186,"艾普尔·格雷斯","演員"
"2187",32187,"马库斯·亨德森","演員"
"2188",32188,"亨利·G.桑德斯","演員"
"2189",32189,"温迪·李","演員"
"2190",32190,"米歇尔·拉夫","演員"
"2191",32191,"弗兰西丝·奥康纳","演員"
"2192",32192,"山姆·洛巴兹","演員"
"2193",32193,"杰克·托马斯","演員"
"2194",32194,"威廉·赫特","演員"
"2195",32195,"克拉克·格雷格","演員"
"2196",32196,"凯文·苏斯曼","演員"
"2197",32197,"汤姆·加洛普","演員"
"2198",32198,"尤金·奥斯门特","演員"
"2199",32199,"马特·温斯顿","演員"
"2200",32200,"萨布丽娜·格德维奇","演員"
"2201",32201,"西奥·格林利","演員"
"2202",32202,"岩男润子","演員"
"2203",32203,"松本梨香","演員"
"2204",32204,"秋元羊介","演員"
"2205",32205,"盐屋翼","演員"
"2206",32206,"堀秀行","演員"
"2207",32207,"筱原惠美","演員"
"2208",32208,"江原正士","演員"
"2209",32209,"梁田清之","演員"
"2210",32210,"古泽彻","演員"
"2211",32211,"新山志保","演員"
"2212",32212,"三木真一郎","演員"
"2213",32213,"保志总一朗","演員"
"2214",32214,"仲里依纱","演員"
"2215",32215,"石田卓也","演員"
"2216",32216,"板仓光隆","演員"
"2217",32217,"垣内彩未","演員"
"2218",32218,"谷村美月","演員"
"2219",32219,"关户优希","演員"
"2220",32220,"桂歌若","演員"
"2221",32221,"安藤绿","演員"
"2222",32222,"立木文彦","演員"
"2223",32223,"山本圭子","演員"
"2224",32224,"反田孝幸","演員"
"2225",32225,"谷川清美","演員"
"2226",32226,"汤屋敦子","演員"
"2227",32227,"中村正","演員"
"2228",32228,"原沙知绘","演員"
"2229",32229,"罗伯特·泰勒","演員"
"2230",32230,"露塞尔·沃特森","演員"
"2231",32231,"弗吉尼亚·菲尔德","演員"
"2232",32232,"玛丽亚·彭斯卡娅","演員"
"2233",32233,"C.奥布雷·史密斯","演員"
"2234",32234,"Janet Shaw","演員"
"2235",32235,"Janet Waldo","演員"
"2236",32236,"Steffi Duna","演員"
"2237",32237,"Virginia Carroll","演員"
"2238",32238,"Eleanor Stewart","演員"
"2239",32239,"Lowden Adams","演員"
"2240",32240,"Harry Allen","演員"
"2241",32241,"Jimmy Aubrey","演員"
"2242",32242,"Phyllis Barry","演員"
"2243",32243,"Colin Campbell","演員"
"2244",32244,"丽塔·卡莱尔","演員"
"2245",32245,"里奥.G.卡罗尔","演員"
"2246",32246,"戴维·卡文迪什","演員"
"2247",32247,"大卫·克莱德","演員"
"2248",32248,"汤姆·康威","演員"
"2249",32249,"Frank Dawson","演員"
"2250",32250,"Connie Emerald","演員"
"2251",32251,"Gilbert Emery","演員"
"2252",32252,"赫伯特·埃文斯","演員"
"2253",32253,"Dick Gordon","演員"
"2254",32254,"Denis Green","演員"
"2255",32255,"艾塞尔·格里菲斯","演員"
"2256",32256,"Bobby Hale","演員"
"2257",32257,"Winifred Harris","演員"
"2258",32258,"哈利韦尔·霍布斯","演員"
"2259",32259,"Harold Howard","演員"
"2260",32260,"Charles Irwin","演員"
"2261",32261,"George Kirby","演員"
"2262",32262,"Walter Lawrence","演員"
"2263",32263,"Dan Maxwell","演員"
"2264",32264,"James May","演員"
"2265",32265,"Florine McKinney","演員"
"2266",32266,"Charles McNaughton","演員"
"2267",32267,"Frank Mitchell","演員"
"2268",32268,"埃德蒙·莫蒂默","演員"
"2269",32269,"伦纳德米迪","演員"
"2270",32270,"坦普·皮戈特","演員"
"2271",32271,"John Power","演員"
"2272",32272,"Clara Reid","演員"
"2273",32273,"Paul Scardon","演員"
"2274",32274,"约翰·格雷厄姆·斯佩西","演員"
"2275",32275,"Wyndham Standing","演員"
"2276",32276,"哈里·斯塔布斯","演員"
"2277",32277,"Cyril Thornton","演員"
"2278",32278,"戴维·瑟斯比","演員"
"2279",32279,"帕特·威尔士","演員"
"2280",32280,"玛莎·温特沃思","演員"
"2281",32281,"Frank Whitbeck","演員"
"2282",32282,"Eric Wilton","演員"
"2283",32283,"Robert Winkler","演員"
"2284",32284,"道格拉斯·伍德","演員"
"2285",32285,"罗夫·拉斯加德","演員"
"2286",32286,"巴哈·帕斯","演員"
"2287",32287,"托比亚斯·阿姆博瑞","演員"
"2288",32288,"菲利普·伯格","演員"
"2289",32289,"安娜-莱娜·布伦丁","演員"
"2290",32290,"博瑞·伦贝里","演員"
"2291",32291,"埃达·英格薇","演員"
"2292",32292,"弗雷德里克·埃弗斯","演員"
"2293",32293,"玛德琳·雅各布松","演員"
"2294",32294,"查特里娜·拉松","演員"
"2295",32295,"杰克尔·法尔斯特伦","演員"
"2296",32296,"本尼迪克特·康伯巴奇","演員"
"2297",32297,"马修·古迪","演員"
"2298",32298,"罗里·金奈尔","演員"
"2299",32299,"艾伦·里奇","演員"
"2300",32300,"马修·比尔德","演員"
"2301",32301,"查尔斯·丹斯","演員"
"2302",32302,"马克·斯特朗","演員"
"2303",32303,"詹姆斯·诺斯科特","演員"
"2304",32304,"汤姆·古德曼-希尔","演員"
"2305",32305,"史蒂芬·威丁顿","演員"
"2306",32306,"伊兰·古德曼","演員"
"2307",32307,"杰克·塔尔登","演員"
"2308",32308,"埃里克斯·劳瑟","演員"
"2309",32309,"杰克·巴农","演員"
"2310",32310,"塔彭丝·米德尔顿","演員"
"2311",32311,"安德鲁·哈维尔","演員"
"2312",32312,"维尔·博登","演員"
"2313",32313,"海莉·乔安妮·培根","演員"
"2314",32314,"安库塔·布雷班","演員"
"2315",32315,"格雷斯·卡尔德","演員"
"2316",32316,"理查德·坎贝尔","演員"
"2317",32317,"温斯顿·丘吉尔","演員"
"2318",32318,"克里斯·考林","演員"
"2319",32319,"汉娜·弗林","演員"
"2320",32320,"阿道夫·希特勒","演員"
"2321",32321,"卢克·霍普","演員"
"2322",32322,"斯图尔特·马修斯","演員"
"2323",32323,"亚当·诺威尔","演員"
"2324",32324,"哈里·S·杜鲁门","演員"
"2325",32325,"艾文·布莱纳","演員"
"2326",32326,"约翰尼·李·米勒","演員"
"2327",32327,"凯文·麦克基德","演員"
"2328",32328,"罗伯特·卡莱尔","演員"
"2329",32329,"彼得·穆兰","演員"
"2330",32330,"艾琳·尼古拉斯","演員"
"2331",32331,"苏珊·维德勒","演員"
"2332",32332,"波林·林奇","演員"
"2333",32333,"雪莉·亨德森","演員"
"2334",32334,"斯图尔特·麦克奎里","演員"
"2335",32335,"埃文·威尔什","演員"
"2336",32336,"戴尔·温顿","演員"
"2337",32337,"基思·艾伦","演員"
"2338",32338,"凯文·艾伦","演員"
"2339",32339,"Fiona Bell","演員"
"2340",32340,"休罗斯","演員"
"2341",32341,"芬利·威尔士","演員"
"2342",32342,"汤姆·德尔玛","演員"
"2343",32343,"约翰·霍奇","演員"
"2344",32344,"安德鲁·麦克唐纳","演員"
"2345",32345,"Stuart McGugan","演員"
"2346",32346,"布丽·拉尔森","演員"
"2347",32347,"雅各布·特伦布莱","演員"
"2348",32348,"肖恩·布里吉格斯","演員"
"2349",32349,"温迪·古逊","演員"
"2350",32350,"阿曼达·布鲁盖尔","演員"
"2351",32351,"乔·平格","演員"
"2352",32352,"威廉姆·H·梅西","演員"
"2353",32353,"兰道尔·爱德华","演員"
"2354",32354,"罗德里戈-费尔南德斯-斯托尔","演員"
"2355",32355,"罗里·奥谢","演員"
"2356",32356,"汤姆·麦卡穆斯","演員"
"2357",32357,"杰克·富尔顿","演員"
"2358",32358,"梅根·帕克","演員"
"2359",32359,"山本圭","演員"
"2360",32360,"井川比佐志","演員"
"2361",32361,"片桐入","演員"
"2362",32362,"仲代达矢","演員"
"2363",32363,"春川真澄","演員"
"2364",32364,"八千草薰","演員"
"2365",32365,"石野真子","演員"
"2366",32366,"殿山泰司","演員"
"2367",32367,"加藤嘉","演員"
"2368",32368,"石仓三郎","演員"
"2369",32369,"泉谷茂","演員"
"2370",32370,"柳叶敏郎","演員"
"2371",32371,"梅利莎·乔治","演員"
"2372",32372,"利亚姆·海姆斯沃斯","演員"
"2373",32373,"迈克尔·多曼","演員"
"2374",32374,"瑞秋·卡帕尼","演員"
"2375",32375,"艾玛·朗","演員"
"2376",32376,"亨利·尼克松","演員"
"2377",32377,"约书亚·麦基弗","演員"
"2378",32378,"京町子","演員"
"2379",32379,"森雅之","演員"
"2380",32380,"马可·贾利尼","演員"
"2381",32381,"卡夏·斯穆特尼亚克","演員"
"2382",32382,"爱德华多·莱奥","演員"
"2383",32383,"阿尔巴·罗尔瓦赫尔","演員"
"2384",32384,"瓦莱里奥·马斯坦德雷亚","演員"
"2385",32385,"安娜·福列塔","演員"
"2386",32386,"朱塞佩·巴蒂斯通","演員"
"2387",32387,"佐久间玲","演員"
"2388",32388,"户田惠子","演員"
"2389",32389,"信泽三惠子","演員"
"2390",32390,"关弘子","演員"
"2391",32391,"三浦浩一","演員"
"2392",32392,"井上喜久子","演員"
"2393",32393,"渊崎由里子","演員"
"2394",32394,"土井美加","演員"
"2395",32395,"土师孝也","演員"
"2396",32396,"浅井淑子","演員"
"2397",32397,"齐藤昌","演員"
"2398",32398,"西村知道","演員"
"2399",32399,"小林优子","演員"
"2400",32400,"池水通洋","演員"
"2401",32401,"田口昂","演員"
"2402",32402,"键本景子","演員"
"2403",32403,"津贺有子","演員"
"2404",32404,"龟井芳子","演員"
"2405",32405,"丸山裕子","演員"
"2406",32406,"刘德华","演員"
"2407",32407,"本·卫肖","演員"
"2408",32408,"蕾切儿·哈伍德","演員"
"2409",32409,"大卫·卡尔德","演員"
"2410",32410,"比吉特·米尼希迈尔","演員"
"2411",32411,"卡洛斯·格拉马赫","演員"
"2412",32412,"西恩·托马斯","演員"
"2413",32413,"佩里·米尔沃德","演員"
"2414",32414,"山姆·道格拉斯","演員"
"2415",32415,"卡洛琳·赫弗斯","演員"
"2416",32416,"卡罗丽娜·维拉·斯克利亚","演員"
"2417",32417,"莎拉·弗里斯蒂","演員"
"2418",32418,"科琳娜·哈弗奇","演員"
"2419",32419,"杰西卡·施瓦茨","演員"
"2420",32420,"梁正晖","演員"
"2421",32421,"于尔根·福格尔","演員"
"2422",32422,"弗雷德里克·劳","演員"
"2423",32423,"马克思·雷迈特","演員"
"2424",32424,"詹妮弗·乌尔里希","演員"
"2425",32425,"克里斯蒂安娜·保罗","演員"
"2426",32426,"雅各布·马琛茨","演員"
"2427",32427,"克里斯蒂娜·度·瑞格","演員"
"2428",32428,"埃利亚斯·穆巴里克","演員"
"2429",32429,"马克西米利安·福尔马尔","演員"
"2430",32430,"马克斯·毛夫","演員"
"2431",32431,"贾达·萍克·史密斯","演員"
"2432",32432,"凯特·宾汉","演員"
"2433",32433,"玛丽·爱丽丝","演員"
"2434",32434,"埃茜·戴维斯","演員"
"2435",32435,"克里斯托弗·卡比","演員"
"2436",32436,"罗伯特·马莫内","演員"
"2437",32437,"罗宾·奈文","演員"
"2438",32438,"吉娜薇·欧瑞丽","演員"
"2439",32439,"诺娜·加耶","演員"
"2440",32440,"纳撒尼尔·利斯","演員"
"2441",32441,"哈里·列尼斯","演員"
"2442",32442,"哈罗德·佩里诺","演員"
"2443",32443,"鲁伯特·雷德","演員"
"2444",32444,"凯文·迈克尔·理查德森","演員"
"2445",32445,"大卫·罗伯茨","演員"
"2446",32446,"布鲁斯·斯宾斯","演員"
"2447",32447,"吉娜·托瑞斯","演員"
"2448",32448,"克莱顿·华生","演員"
"2449",32449,"赫尔穆特·巴凯蒂斯","演員"
"2450",32450,"Joe Manning","演員"
"2451",32451,"Tanveer K. Atwal","演員"
"2452",32452,"Lachy Hulme","演員"
"2453",32453,"Cornel West","演員"
"2454",32454,"伯纳德·怀特","演員"
"2455",32455,"朗贝尔·维尔森","演員"
"2456",32456,"安东尼·布兰登·黄","演員"
"2457",32457,"安东尼·泽比","演員"
"2458",32458,"Craig Walker","演員"
"2459",32459,"绫濑遥","演員"
"2460",32460,"夏帆","演員"
"2461",32461,"广濑铃","演員"
"2462",32462,"堤真一","演員"
"2463",32463,"风吹淳","演員"
"2464",32464,"中川雅也","演員"
"2465",32465,"前田旺志郎 ","演員"
"2466",32466,"铃木亮平","演員"
"2467",32467,"坂口健太郎","演員"
"2468",32468,"凯特·温丝莱特","演員"
"2469",32469,"大卫·克劳斯","演員"
"2470",32470,"詹妮特·海因","演員"
"2471",32471,"苏珊娜·洛塔尔","演員"
"2472",32472,"Alissa Wilms","演員"
"2473",32473,"弗罗里安·巴西奥罗麦","演員"
"2474",32474,"弗里德里克·贝希特","演員"
"2475",32475,"马蒂亚斯·哈比希","演員"
"2476",32476,"Frieder Venus","演員"
"2477",32477,"Marie-Anne Fliegel","演員"
"2478",32478,"Hendrik Arnst","演員"
"2479",32479,"Rainer Sellien","演員"
"2480",32480,"托尔斯滕·米凯利斯","演員"
"2481",32481,"Moritz Grove","演員"
"2482",32482,"多布杰","演員"
"2483",32483,"张正阳","演員"
"2484",32484,"奇道","演員"
"2485",32485,"赵雪莹","演員"
"2486",32486,"马占林","演員"
"2487",32487,"赵一穗","演員"
"2488",32488,"弗朗卡·波滕特","演員"
"2489",32489,"加布里埃尔·曼","演員"
"2490",32490,"约翰·贝德福德·劳埃德","演員"
"2491",32491,"伊桑·桑德勒","演員"
"2492",32492,"米歇尔·莫纳汉","演員"
"2493",32493,"卡瑞尔·罗登","演員"
"2494",32494,"托马斯·阿拉纳","演員"
"2495",32495,"奥莎娜·阿金什那","演員"
"2496",32496,"克里斯·库珀","演員"
"2497",32497,"克里夫·欧文","演員"
"2498",32498,"阿德沃尔·阿吉纽依-艾格拜吉","演員"
"2499",32499,"Orso Maria Guerrini","演員"
"2500",32500,"布丽姬·穆娜","演員"
"2501",32501,"叶夫盖尼·拉扎列夫","演員"
"2502",32502,"伊默恩·沃克","演員"
"2503",32503,"塔尼特·菲尼克斯","演員"
"2504",32504,"杨静怡","演員"
"2505",32505,"张国柱","演員"
"2506",32506,"王启赞","演員"
"2507",32507,"林鸿铭","演員"
"2508",32508,"王琄","演員"
"2509",32509,"张翰","演員"
"2510",32510,"姜秀琼","演員"
"2511",32511,"赖梵耘","演員"
"2512",32512,"谭志刚","演員"
"2513",32513,"冯国强","演員"
"2514",32514,"陈湘琪","演員"
"2515",32515,"金士杰","演員"
"2516",32516,"达席尔·萨法瑞","演員"
"2517",32517,"塔奈·切赫达","演員"
"2518",32518,"萨谢·英吉尼尔","演員"
"2519",32519,"蒂丝卡·乔普拉","演員"
"2520",32520,"维品·沙尔马","演員"
"2521",32521,"拉利塔·拉伊米","演員"
"2522",32522,"吉里贾·奥克","演員"
"2523",32523,"拉维·汗维尔卡尔","演員"
"2524",32524,"普拉蒂玛·库尔卡尼","演員"
"2525",32525,"梅娜·马里克","演員"
"2526",32526,"索纳利·萨查德夫","演員"
"2527",32527,"桑贾伊·达迪克","演員"
"2528",32528,"拉加·戈帕尔·耶尔","演員"
"2529",32529,"布格斯·巴尔加瓦","演員"
"2530",32530,"尚卡尔·萨查德夫","演員"
"2531",32531,"M·K·拉伊纳","演員"
"2532",32532,"珍妮特·利","演員"
"2533",32533,"安东尼·博金斯","演員"
"2534",32534,"维拉·迈尔斯","演員"
"2535",32535,"约翰·加文","演員"
"2536",32536,"赵文卓","演員"
"2537",32537,"吴兴国","演員"
"2538",32538,"马精武","演員"
"2539",32539,"刘洵","演員"
"2540",32540,"刘桦","演員"
"2541",32541,"连晋","演員"
"2542",32542,"黄渤","演員"
"2543",32543,"徐峥","演員"
"2544",32544,"优恵","演員"
"2545",32545,"罗兰 ","演員"
"2546",32546,"王迅","演員"
"2547",32547,"佩曼·莫阿迪","演員"
"2548",32548,"蕾拉·哈塔米","演員"
"2549",32549,"萨瑞·巴亚特","演員"
"2550",32550,"沙哈布·侯赛尼","演員"
"2551",32551,"萨日娜·法哈蒂","演員"
"2552",32552,"梅里拉·扎雷伊","演員"
"2553",32553,"阿里-阿萨哈·萨哈巴齐","演員"
"2554",32554,"巴巴克·卡里米","演員"
"2555",32555,"吉米娅·侯赛伊妮","演員"
"2556",32556,"希尔·亚齐丹巴克什","演員"
"2557",32557,"萨哈巴努·佐哈多","演員"
"2558",32558,"杰里米·西奥伯德","演員"
"2559",32559,"亚历克斯·霍","演員"
"2560",32560,"露西·拉塞尔","演員"
"2561",32561,"约翰·诺兰","演員"
"2562",32562,"迪克·布拉德塞尔","演員"
"2563",32563,"吉莉安·艾尔-卡迪","演員"
"2564",32564,"詹妮弗·安杰尔","演員"
"2565",32565,"尼古拉斯·卡洛蒂","演員"
"2566",32566,"达伦·奥曼迪","演員"
"2567",32567,"盖·格林威","演員"
"2568",32568,"塔索斯·史蒂文斯","演員"
"2569",32569,"特里斯坦·马丁","演員"
"2570",32570,"瑞贝卡·詹姆斯","演員"
"2571",32571,"保罗·梅森","演員"
"2572",32572,"大卫·博维尔","演員"
"2573",32573,"丁建华","演員"
"2574",32574,"苏秀","演員"
"2575",32575,"施融","演員"
"2576",32576,"孙渝烽","演員"
"2577",32577,"程晓桦","演員"
"2578",32578,"乔榛","演員"
"2579",32579,"程玉珠","演員"
"2580",32580,"阿诺·施瓦辛格","演員"
"2581",32581,"琳达·汉密尔顿","演員"
"2582",32582,"爱德华·福隆","演員"
"2583",32583,"罗伯特·帕特里克","演員"
"2584",32584,"阿尔·伯恩","演員"
"2585",32585,"乔·莫顿","演員"
"2586",32586,"埃帕莎·默克森","演員"
"2587",32587,"卡斯图罗·格雷拉","演員"
"2588",32588,"丹尼·库克塞","演員"
"2589",32589,"詹妮特·戈德斯坦恩","演員"
"2590",32590,"山德·贝克利","演員"
"2591",32591,"莱思莉·汉密尔顿·格伦","演員"
"2592",32592,"杰弗里·怀特","演員"
"2593",32593,"拉塞尔·皮特斯","演員"
"2594",32594,"詹姆斯·A·伍兹","演員"
"2595",32595,"迈克尔·阿登","演員"
"2596",32596,"乔·柯布登 ","演員"
"2597",32597,"平采娜·乐维瑟派布恩","演員"
"2598",32598,"马里奥·毛瑞尔","演員"
"2599",32599,"苏达拉·布查蓬","演員"
"2600",32600,"雅尼卡·桑普蕾舞","演員"
"2601",32601,"诺特·阿查拉那·阿瑞亚卫考","演員"
"2602",32602,"皮拉瓦特·赫拉巴特","演員"
"2603",32603,"普特鹏·普罗萨卡·那·萨克那卡林","演員"
"2604",32604,"华森·波克彭","演員"
"2605",32605,"阿部宽","演員"
"2606",32606,"夏川结衣","演員"
"2607",32607,"高桥和也","演員"
"2608",32608,"田中祥平","演員"
"2609",32609,"林凌雅","演員"
"2610",32610,"原田芳雄","演員"
"2611",32611,"萨尔曼·汗","演員"
"2612",32612,"哈莎莉·马洛特拉","演員"
"2613",32613,"卡琳娜·卡普尔","演員"
"2614",32614,"纳瓦祖丁·席迪圭","演員"
"2615",32615,"欧姆·普瑞","演員"
"2616",32616,"梅·维贾","演員"
"2617",32617,"席尔帕.舒克拉","演員"
"2618",32618,"拉什·沙玛","演員"
"2619",32619,"沙拉蒂·瑟斯纳","演員"
"2620",32620,"阿图·斯里瓦斯塔瓦","演員"
"2621",32621,"阿德南·萨米","演員"
"2622",32622,"马诺·巴克什","演員"
"2623",32623,"甄子丹","演員"
"2624",32624,"熊欣欣","演員"
"2625",32625,"任世官","演員"
"2626",32626,"吴启华","演員"
"2627",32627,"袁祥仁","演員"
"2628",32628,"徐锦江","演員"
"2629",32629,"郑希怡","演員"
"2630",32630,"王彤川","演員"
"2631",32631,"王伟顺","演員"
"2632",32632,"蔡浩","演員"
"2633",32633,"亚当·莱文","演員"
"2634",32634,"詹姆斯·柯登","演員"
"2635",32635,"海莉·斯坦菲尔德","演員"
"2636",32636,"茅斯·达夫","演員"
"2637",32637,"罗伯·莫洛","演員"
"2638",32638,"伊恩·布罗茨基","演員"
"2639",32639,"香农·沃尔什","演員"
"2640",32640,"大卫·埃伯利斯","演員"
"2641",32641,"马科·阿桑特","演員"
"2642",32642,"玛丽·凯瑟琳·歌瑞森","演員"
"2643",32643,"詹·雅各布","演員"
"2644",32644,"席洛·格林","演員"
"2645",32645,"詹妮弗·李·杰克逊","演員"
"2646",32646,"特里·刘易斯","演員"
"2647",32647,"吉米·帕伦博","演員"
"2648",32648,"西蒙·德兰尼","演員"
"2649",32649,"丹妮尔·布里瑟布瓦","演員"
"2650",32650,"基恩·鲁弗洛","演員"
"2651",32651,"尼古拉斯·丹尼尔·冈萨雷斯","演員"
"2652",32652,"麦迪·科尔曼","演員"
"2653",32653,"阿雅·卡什","演員"
"2654",32654,"大卫·彭德尔顿","演員"
"2655",32655,"保罗·罗梅罗","演員"
"2656",32656,"安德鲁·塞伦","演員"
"2657",32657,"凯伦·皮特曼","演員"
"2658",32658,"罗恩·沃斯","演員"
"2659",32659,"桑德拉·布洛克","演員"
"2660",32660,"马特·狄龙","演員"
"2661",32661,"布兰登·费舍","演員"
"2662",32662,"泰伦斯·霍华德","演員"
"2663",32663,"坦迪·牛顿","演員"
"2664",32664,"卢达克里斯","演員"
"2665",32665,"迈克尔·佩纳","演員"
"2666",32666,"詹妮弗·艾斯波西多","演員"
"2667",32667,"瑞恩·菲利普","演員"
"2668",32668,"肖姆斯·戴维-菲茨帕特里克","演員"
"2669",32669,"詹妮弗·普里尔","演員"
"2670",32670,"夏洛特·普里尔","演員"
"2671",32671,"Xenia Kalogeropoulou","演員"
"2672",32672,"沃尔特·拉萨利","演員"
"2673",32673,"亚里安妮·拉贝德","演員"
"2674",32674,"雅尼斯·帕帕多普洛斯","演員"
"2675",32675,"阿锡娜·瑞秋·特桑阿里","演員"
"2676",32676,"帕诺斯·科罗尼斯","演員"
"2677",32677,"Yota Argyropoulou","演員"
"2678",32678,"艾伦·伯斯汀","演員"
"2679",32679,"马龙·韦恩斯","演員"
"2680",32680,"克里斯托弗·麦克唐纳","演員"
"2681",32681,"露易丝·拉塞尔","演員"
"2682",32682,"珍妮特·萨诺","演員"
"2683",32683,"苏珊妮·谢泼德","演員"
"2684",32684,"迈克尔·卡切克","演員"
"2685",32685,"杰克·奥康耐","演員"
"2686",32686,"斯科特·富兰克林","演員"
"2687",32687,"欧嘉·梅雷迪斯","演員"
"2688",32688,"本·申克曼","演員"
"2689",32689,"凯斯·大卫","演員"
"2690",32690,"迪伦·贝克","演員"
"2691",32691,"比尔·布尔","演員"
"2692",32692,"吉米·雷·威克斯","演員"
"2693",32693,"阿努克·斯特芬","演員"
"2694",32694,"布鲁诺·甘茨","演員"
"2695",32695,"昆林·艾格匹","演員"
"2696",32696,"安娜·申茨","演員"
"2697",32697,"伊莎贝尔·奥特曼","演員"
"2698",32698,"莉莲·奈福","演員"
"2699",32699,"彼得·杰克林","演員"
"2700",32700,"克里斯托夫·高格勒","演員"
"2701",32701,"丽贝卡·因德穆","演員"
"2702",32702,"莫妮卡·古布瑟","演員"
"2703",32703,"阿瑟·比勒","演員"
"2704",32704,"玛丽埃塔·耶米","演員"
"2705",32705,"彼得·洛迈尔","演員"
"2706",32706,"卡塔琳娜·舒特勒","演員"
"2707",32707,"杰拉·哈斯","演員"
"2708",32708,"迈克尔·克兰茨","演員"
"2709",32709,"劳拉·帕克","演員"
"2710",32710,"马库斯·赫林","演員"
"2711",32711,"马克西姆·梅米特","演員"
"2712",32712,"汉内洛勒·霍格","演員"
"2713",32713,"梅拉尼·罗兰","演員"
"2714",32714,"伊莱·罗斯","演員"
"2715",32715,"迈克尔·法斯宾德","演員"
"2716",32716,"黛安·克鲁格","演員"
"2717",32717,"蒂尔·施威格","演員"
"2718",32718,"哥德昂·布克哈德","演員"
"2719",32719,"雅基·伊多","演員"
"2720",32720,"B·J·诺瓦克","演員"
"2721",32721,"奥玛·杜姆","演員"
"2722",32722,"奥古斯特·迪赫","演員"
"2723",32723,"德尼·梅诺谢","演員"
"2724",32724,"西尔维斯特·格罗特","演員"
"2725",32725,"笠智众","演員"
"2726",32726,"原节子","演員"
"2727",32727,"杉村春子","演員"
"2728",32728,"东山千荣子","演員"
"2729",32729,"山村聪","演員"
"2730",32730,"香川京子","演員"
"2731",32731,"弗吉尼亚·切瑞尔","演員"
"2732",32732,"佛罗伦斯·李","演員"
"2733",32733,"珍·哈露","演員"
"2734",32734,"大卫·摩斯","演員"
"2735",32735,"迈克·克拉克·邓肯","演員"
"2736",32736,"迈克尔·杰特","演員"
"2737",32737,"格雷厄姆·格林","演員"
"2738",32738,"道格·休切逊","演員"
"2739",32739,"杰弗里·德曼","演員"
"2740",32740,"哈利·戴恩·斯坦通","演員"
"2741",32741,"戴布思·格里尔","演員"
"2742",32742,"伊芙·布伦特","演員"
"2743",32743,"艾米丽·芭尔多尼","演員"
"2744",32744,"莫瑞·史特林","演員"
"2745",32745,"尼古拉斯·布兰登","演員"
"2746",32746,"劳伦·斯卡法莉娅","演員"
"2747",32747,"伊丽莎白·格瑞斯","演員"
"2748",32748,"雨果·阿姆斯特朗","演員"
"2749",32749,"亚历克斯·马努吉安","演員"
"2750",32750,"劳伦·马赫","演員"
"2751",32751,"杰曼·翰苏","演員"
"2752",32752,"阿诺德·沃斯洛","演員"
"2753",32753,"大卫·哈雷伍德","演員"
"2754",32754,"吉米·米斯特雷","演員"
"2755",32755,"麦克·辛","演員"
"2756",32756,"史蒂芬·柯林斯","演員"
"2757",32757,"凯尔·杜拉","演員"
"2758",32758,"加里·洛克伍德","演員"
"2759",32759,"威廉姆·西尔维斯特","演員"
"2760",32760,"丹尼尔·里希特","演員"
"2761",32761,"雷纳德·洛塞特","演員"
"2762",32762,"罗伯特·比提","演員"
"2763",32763,"肖恩·沙利文","演員"
"2764",32764,"艾德·毕肖普","演員"
"2765",32765,"格伦·贝克","演員"
"2766",32766,"艾伦·吉福德","演員"
"2767",32767,"安·吉利斯","演員"
"2768",32768,"大卫·李·史密斯","演員"
"2769",32769,"托尼·托德","演員"
"2770",32770,"约翰·比灵斯列","演員"
"2771",32771,"安妮卡·彼得森","演員"
"2772",32772,"阿丽西丝·索普","演員"
"2773",32773,"威廉姆·卡特","演員"
"2774",32774,"理查德·里尔","演員"
"2775",32775,"艾伦·克劳福德","演員"
"2776",32776,"史蒂文·利特尔","演員"
"2777",32777,"罗比·布赖恩","演員"
"2778",32778,"迪·沃伦斯","演員"
"2779",32779,"罗伯特·麦克纳夫顿","演員"
"2780",32780,"德鲁·巴里摩尔","演員"
"2781",32781,"彼德·考约特","演員"
"2782",32782,"吉娜·戴维斯","演員"
"2783",32783,"苏珊·萨兰登","演員"
"2784",32784,"迈克尔·马德森","演員"
"2785",32785,"列维·施瑞博尔","演員"
"2786",32786,"约翰·斯拉特里","演員"
"2787",32787,"布莱恩·达西·詹姆斯","演員"
"2788",32788,"保罗·吉尔福伊尔","演員"
"2789",32789,"杰米·谢尔丹","演員"
"2790",32790,"兰·卡琉","演員"
"2791",32791,"尼尔·哈夫","演員"
"2792",32792,"迈克尔·西里尔·克赖顿","演員"
"2793",32793,"迈克尔·康特里曼","演員"
"2794",32794,"元秋","演員"
"2795",32795,"元华","演員"
"2796",32796,"黄圣依","演員"
"2797",32797,"梁小龙","演員"
"2798",32798,"陈国坤","演員"
"2799",32799,"林子聪","演員"
"2800",32800,"林雪","演員"
"2801",32801,"冯克安","演員"
"2802",32802,"释彦能","演員"
"2803",32803,"张一白","演員"
"2804",32804,"赵志凌","演員"
"2805",32805,"董志华","演員"
"2806",32806,"何文辉","演員"
"2807",32807,"陈凯师","演員"
"2808",32808,"贾康熙","演員"
"2809",32809,"任珈锐","演員"
"2810",32810,"王仕颖","演員"
"2811",32811,"肖恩·康纳利","演員"
"2812",32812,"约翰·斯宾塞","演員"
"2813",32813,"迈克尔·比恩","演員"
"2814",32814,"瓦内萨·马赛尔","演員"
"2815",32815,"约翰·C·麦金雷","演員"
"2816",32816,"博基姆·伍德拜因","演員"
"2817",32817,"格雷格·科林斯","演員"
"2818",32818,"布伦丹·凯利","演員"
"2819",32819,"史蒂夫·哈里斯","演員"
"2820",32820,"吉姆·卡维泽","演員"
"2821",32821,"亚历桑德罗·尼沃拉","演員"
"2822",32822,"吉娜·格申","演員"
"2823",32823,"多米尼克·斯万","演員"
"2824",32824,"尼克·卡萨维茨","演員"
"2825",32825,"科鲁姆·费奥瑞","演員"
"2826",32826,"罗伯特·维斯多姆","演員"
"2827",32827,"赵牡丹","演員"
"2828",32828,"詹姆斯·丹顿","演員"
"2829",32829,"马特·罗斯","演員"
"2830",32830,"克里斯·鲍尔","演員"
"2831",32831,"迈尔斯·杰弗里","演員"
"2832",32832,"大卫·麦克库利","演員"
"2833",32833,"托马斯·简","演員"
"2834",32834,"汤米·弗拉纳根","演員"
"2835",32835,"达纳·史密斯","演員"
"2836",32836,"罗密·温莎","演員"
"2837",32837,"保罗•希普","演員"
"2838",32838,"柯克·鲍兹","演員"
"2839",32839,"劳伦·辛克莱尔","演員"
"2840",32840,"本·里德","演員"
"2841",32841,"丽莎·博伊尔","演員"
"2842",32842,"琳达·霍夫曼","演員"
"2843",32843,"丹尼·马斯特森","演員"
"2844",32844,"迈克尔·罗查","演員"
"2845",32845,"麦克·韦柏","演員"
"2846",32846,"梅根·保罗","演員"
"2847",32847,"诺姆·卡普顿","演員"
"2848",32848,"马尔科姆·麦克道威尔","演員"
"2849",32849,"帕特里克·马基","演員"
"2850",32850,"迈克尔·贝茨","演員"
"2851",32851,"沃伦·克拉克","演員"
"2852",32852,"约翰·克莱夫","演員"
"2853",32853,"李·范·克里夫","演員"
"2854",32854,"阿尔多·久弗瑞","演員"
"2855",32855,"路易吉·皮斯蒂利","演員"
"2856",32856,"乔什·哈奈特","演員"
"2857",32857,"金·寇兹","演員"
"2858",32858,"休·丹西","演員"
"2859",32859,"水桥研二","演員"
"2860",32860,"近藤好美 ","演員"
"2861",32861,"花村怜美","演員"
"2862",32862,"尾上绫华","演員"
"2863",32863,"水野理纱","演員"
"2864",32864,"中村祐子","演員"
"2865",32865,"岩崎征实","演員"
"2866",32866,"内藤玲","演員"
"2867",32867,"下崎纮史","演員"
"2868",32868,"平野贵裕","演員"
"2869",32869,"中川玲","演員"
"2870",32870,"井关佳子","演員"
"2871",32871,"井上优","演員"
"2872",32872,"加古临王","演員"
"2873",32873,"中村梨香","演員"
"2874",32874,"须加美纪","演員"
"2875",32875,"鲑延未可","演員"
"2876",32876,"新鹿由美子","演員"
"2877",32877,"斋藤由香子","演員"
"2878",32878,"史蒂芬·鲍德温","演員"
"2879",32879,"加布里埃尔·伯恩","演員"
"2880",32880,"本尼西奥·德尔·托罗","演員"
"2881",32881,"凯文·波拉克","演員"
"2882",32882,"查兹·帕尔明特瑞","演員"
"2883",32883,"皮特·波斯尔思韦特","演員"
"2884",32884,"苏茜·爱米斯","演員"
"2885",32885,"吉安卡罗·埃斯波西托","演員"
"2886",32886,"丹·哈达亚","演員"
"2887",32887,"保罗·巴特尔","演員"
"2888",32888,"卡尔·布瑞斯勒","演員"
"2889",32889,"菲力浦·西蒙","演員"
"2890",32890,"杰克·希勒","演員"
"2891",32891,"克里斯汀·艾斯布鲁克","演員"
"2892",32892,"李顺载","演員"
"2893",32893,"尹秀晶","演員"
"2894",32894,"金秀美","演員"
"2895",32895,"宋智孝","演員"
"2896",32896,"亨弗莱·鲍嘉","演員"
"2897",32897,"保罗·亨雷德","演員"
"2898",32898,"克劳德·雷恩斯","演員"
"2899",32899,"康拉德·韦特","演員"
"2900",32900,"西德尼·格林斯垂特","演員"
"2901",32901,"彼得·洛","演員"
"2902",32902,"S·Z·萨卡尔","演員"
"2903",32903,"玛德琳·勒博","演員"
"2904",32904,"杜利·威尔逊","演員"
"2905",32905,"乔伊·派奇","演員"
"2906",32906,"约翰·奎尔伦","演員"
"2907",32907,"列昂尼德·金斯基","演員"
"2908",32908,"科特·博伊斯","演員"
"2909",32909,"Enrique Acosta","演員"
"2910",32910,"Ed Agresti","演員"
"2911",32911,"Louis V. Arco","演員"
"2912",32912,"Brandon Beach","演員"
"2913",32913,"利昂·贝拉斯科","演員"
"2914",32914,"Trude Berliner","演員"
"2915",32915,"奥利弗布莱克","演員"
"2916",32916,"蒙蒂·布卢","演員"
"2917",32917,"欧仁·博登","演員"
"2918",32918,"Dick Botiller","演員"
"2919",32919,"Maurice Brierre","演員"
"2920",32920,"George M. Carleton","演員"
"2921",32921,"Spencer Chan","演員"
"2922",32922,"Tex Cooper","演員"
"2923",32923,"基诺科拉多","演員"
"2924",32924,"Adrienne D'Ambricourt","演員"
"2925",32925,"马塞尔·达里奥","演員"
"2926",32926,"赫尔穆特·丹丁","演員"
"2927",32927,"Jean De Briac","演員"
"2928",32928,"George Dee","演員"
"2929",32929,"让·德尔瓦尔","演員"
"2930",32930,"Carl Deloro","演員"
"2931",32931,"Arthur Dulac","演員"
"2932",32932,"William Edmunds","演員"
"2933",32933,"Fred Farrell","演員"
"2934",32934,"马丁·加拉拉加","演員"
"2935",32935,"Gregory Gaye","演員"
"2936",32936,"Gregory Golubeff","演員"
"2937",32937,"Ilka Grüning","演員"
"2938",32938,"克莱顿·黑尔","演員"
"2939",32939,"Jamiel Hasson","演員"
"2940",32940,"Arthur Stuart Hull","演員"
"2941",32941,"Olaf Hytten","演員"
"2942",32942,"Paul Irving","演員"
"2943",32943,"Charles La Torre","演員"
"2944",32944,"乔治·J·刘易斯","演員"
"2945",32945,"Jacques Lory","演員"
"2946",32946,"Lou Marcelle","演員"
"2947",32947,"Michael Mark","演員"
"2948",32948,"Frank Mazzola","演員"
"2949",32949,"乔治·米克","演員"
"2950",32950,"Lal Chand Mehra","演員"
"2951",32951,"路易斯梅西埃","演員"
"2952",32952,"Torben Meyer","演員"
"2953",32953,"Mike Morelli","演員"
"2954",32954,"阿尔贝托·莫林","演員"
"2955",32955,"Leo Mostovoy","演員"
"2956",32956,"Barry Norton","演員"
"2957",32957,"Monty O'Grady","演員"
"2958",32958,"Lotte Palfi Andor","演員"
"2959",32959,"Paul Panzer","演員"
"2960",32960,"Manuel París","演員"
"2961",32961,"Alexander Pollard","演員"
"2962",32962,"保罗·波尔卡西","演員"
"2963",32963,"弗兰克·普格利亚","演員"
"2964",32964,"Georges Renavent","演員"
"2965",32965,"杜威·罗宾逊","演員"
"2966",32966,"Victor Romito","演員"
"2967",32967,"Henry Rowland","演員"
"2968",32968,"Richard Ryen","演員"
"2969",32969,"Dan Seymour","演員"
"2970",32970,"Nick Shaid","演員"
"2971",32971,"Lester Sharpe","演員"
"2972",32972,"Bhogwan Singh","演員"
"2973",32973,"Dina Smirnova","演員"
"2974",32974,"Gerald Oliver Smith","演員"
"2975",32975,"George Sorel","演員"
"2976",32976,"Geoffrey Steele","演員"
"2977",32977,"路德维希·施托塞尔","演員"
"2978",32978,"詹妮弗·艾莉","演員"
"2979",32979,"德里克·雅各比","演員"
"2980",32980,"安东尼·安德鲁斯","演員"
"2981",32981,"克莱尔·布鲁姆","演員"
"2982",32982,"戈尔·维达尔","演員"
"2983",32983,"劳恩·迪恩","演員"
"2984",32984,"简妮·布鲁克","演員"
"2985",32985,"伍娜·戴蒙","演員"
"2986",32986,"布莱尔·安德伍德","演員"
"2987",32987,"梅森·甘布","演員"
"2988",32988,"欧内斯特·博格宁","演員"
"2989",32989,"托尼·夏尔赫布","演員"
"2990",32990,"肯·马里诺","演員"
"2991",32991,"加布里埃尔·瑞丝","演員"
"2992",32992,"迪恩·诺里斯","演員"
"2993",32993,"丹格里芬","演員"
"2994",32994,"格雷戈·赛斯特罗","演員"
"2995",32995,"Elizabeth Dennehy","演員"
"2996",32996,"Chad Christ","演員"
"2997",32997,"George Marshall Ruge","演員"
"2998",32998,"朱莉娅·罗伯茨","演員"
"2999",32999,"伊扎贝拉·维多维奇","演員"
"3000",33000,"诺亚·尤佩","演員"
"3001",33001,"丹妮尔·罗丝·拉塞尔","演員"
"3002",33002,"纳吉·杰特","演員"
"3003",33003,"戴维德·迪格斯","演員"
"3004",33004,"曼迪·帕廷金","演員"
"3005",33005,"布莱斯·吉扎尔","演員"
"3006",33006,"艾尔·麦金农","演員"
"3007",33007,"泰·孔西利奥","演員"
"3008",33008,"詹姆斯·休斯","演員"
"3009",33009,"凯尔·布瑞特科夫","演員"
"3010",33010,"米莉·戴维斯","演員"
"3011",33011,"莉娅·朱厄特","演員"
"3012",33012,"凯琳·布瑞特科夫","演員"
"3013",33013,"利亚姆·迪金森","演員"
"3014",33014,"艾玛·特伦布莱","演員"
"3015",33015,"马克·多兹劳","演員"
"3016",33016,"鲁奇娅·伯纳德","演員"
"3017",33017,"J·道格拉斯·斯图瓦特","演員"
"3018",33018,"阿里·利伯特","演員"
"3019",33019,"埃丽卡·麦基特里克","演員"
"3020",33020,"本杰明·拉特纳","演員"
"3021",33021,"杰森·麦金农","演員"
"3022",33022,"索尼娅·布拉加","演員"
"3023",33023,"吉洁特","演員"
"3024",33024,"查理兹·塞隆","演員"
"3025",33025,"尼古拉斯·霍尔特","演員"
"3026",33026,"休·基斯-拜恩","演員"
"3027",33027,"乔什·赫尔曼","演員"
"3028",33028,"内森·琼斯","演員"
"3029",33029,"佐伊·克罗维兹","演員"
"3030",33030,"罗茜·汉丁顿-惠特莉","演員"
"3031",33031,"丽莉·克亚芙","演員"
"3032",33032,"阿比·丽","演員"
"3033",33033,"考特尼·伊顿","演員"
"3034",33034,"安格斯·桑普森","演員"
"3035",33035,"理查德·卡特","演員"
"3036",33036,"梅根·盖尔","演員"
"3037",33037,"肖恩·哈普","演員"
"3038",33038,"西恩·海耶斯","演員"
"3039",33039,"贝弗利·陶德","演員"
"3040",33040,"阿方索·弗里曼","演員"
"3041",33041,"韦尔达·布里奇斯","演員"
"3042",33042,"伊恩·安东尼·代尔","演員"
"3043",33043,"诺尔·古格雷米","演員"
"3044",33044,"安妮特·贝宁","演員"
"3045",33045,"索拉·伯奇","演員"
"3046",33046,"韦斯·本特利","演員"
"3047",33047,"米娜·苏瓦丽","演員"
"3048",33048,"彼得·盖勒","演員"
"3049",33049,"艾莉森·珍妮","演員"
"3050",33050,"斯科特·巴库拉","演員"
"3051",33051,"巴里·德尔·舍曼","演員"
"3052",33052,"阿若·希利","演員"
"3053",33053,"约翰·赵","演員"
"3054",33054,"肯特·法尔考","演員"
"3055",33055,"希瑟·乔伊·谢尔","演員"
"3056",33056,"切尔西·赫特福德","演員"
"3057",33057,"安贝尔·史密斯","演員"
"3058",33058,"乔尔·麦克拉里","演員"
"3059",33059,"玛丽莎·贾里特·威诺克","演員"
"3060",33060,"丹尼斯·安德森","演員"
"3061",33061,"任素汐","演員"
"3062",33062,"大力","演員"
"3063",33063,"刘帅良","演員"
"3064",33064,"裴魁山","演員"
"3065",33065,"阿如那","演員"
"3066",33066,"韩彦博","演員"
"3067",33067,"卜冠今","演員"
"3068",33068,"王堃","演員"
"3069",33069,"高阳","演員"
"3070",33070,"苏千越","演員"
"3071",33071,"亚瑟·麦克拉蒂","演員"
"3072",33072,"王峰","演員"
"3073",33073,"海伦·亨特","演員"
"3074",33074,"克里斯·诺斯","演員"
"3075",33075,"让-马克·巴尔","演員"
"3076",33076,"让·雷诺","演員"
"3077",33077,"保罗·希纳尔","演員"
"3078",33078,"赛尔乔·卡斯特利托","演員"
"3079",33079,"让·布伊兹","演員"
"3080",33080,"马克·迪莱特","演員"
"3081",33081,"Andréas Voutsinas","演員"
"3082",33082,"瓦伦提娜·瓦格斯","演員"
"3083",33083,"金伯莉·贝克","演員"
"3084",33084,"黄秋生","演員"
"3085",33085,"吕颂贤","演員"
"3086",33086,"王天林","演員"
"3087",33087,"施绮莲","演員"
"3088",33088,"高雄","演員"
"3089",33089,"陆运坤","演員"
"3090",33090,"李桂贤","演員"
"3091",33091,"李政宰","演員"
"3092",33092,"崔岷植","演員"
"3093",33093,"黄政民","演員"
"3094",33094,"朴圣雄","演員"
"3095",33095,"金秉玉","演員"
"3096",33096,"弗朗索瓦·克鲁塞","演員"
"3097",33097,"奥玛·希","演員"
"3098",33098,"安娜·勒尼","演員"
"3099",33099,"奥德雷·弗勒罗","演員"
"3100",33100,"托马·索利韦尔","演員"
"3101",33101,"蒂姆·罗宾斯","演員"
"3102",33102,"鲍勃·冈顿","演員"
"3103",33103,"威廉姆·赛德勒","演員"
"3104",33104,"克兰西·布朗","演員"
"3105",33105,"吉尔·贝罗斯","演員"
"3106",33106,"马克·罗斯顿","演員"
"3107",33107,"詹姆斯·惠特摩","演員"
"3108",33108,"拉里·布兰登伯格","演員"
"3109",33109,"尼尔·吉恩托利","演員"
"3110",33110,"布赖恩·利比","演員"
"3111",33111,"大卫·普罗瓦尔","演員"
"3112",33112,"约瑟夫·劳格诺","演員"
"3113",33113,"保罗·麦克兰尼","演員"
"3114",33114,"芮妮·布莱恩","演員"
"3115",33115,"V·J·福斯特","演員"
"3116",33116,"弗兰克·梅德拉诺","演員"
"3117",33117,"马克·迈尔斯","演員"
"3118",33118,"尼尔·萨默斯","演員"
"3119",33119,"布赖恩·戴拉特","演員"
"3120",33120,"唐·麦克马纳斯","演員"
"3121",33121,"张丰毅","演員"
"3122",33122,"英达","演員"
"3123",33123,"蒋雯丽","演員"
"3124",33124,"吕齐","演員"
"3125",33125,"雷汉","演員"
"3126",33126,"尹治","演員"
"3127",33127,"马明威","演員"
"3128",33128,"费振翔","演員"
"3129",33129,"智一桐","演員"
"3130",33130,"李春","演員"
"3131",33131,"赵海龙","演員"
"3132",33132,"李丹","演員"
"3133",33133,"童弟","演員"
"3134",33134,"沈慧芬","演員"
"3135",33135,"黄斐","演員"
"3136",33136,"彼得·阿佩尔","演員"
"3137",33137,"迈克尔·巴达鲁科","演員"
"3138",33138,"艾伦·格里尼","演員"
"3139",33139,"伊丽莎白·瑞根","演員"
"3140",33140,"卡尔·马图斯维奇","演員"
"3141",33141,"弗兰克·赛格","演員"
"3142",33142,"麦温","演員"
"3143",33143,"罗伯特·拉萨多","演員"
"3144",33144,"亚当·布斯奇","演員"
"3145",33145,"马里奥·托迪斯科","演員"
"3146",33146,"萨米·纳塞利","演員"
"3147",33147,"罗宾·怀特","演員"
"3148",33148,"加里·西尼斯","演員"
"3149",33149,"麦凯尔泰·威廉逊","演員"
"3150",33150,"莎莉·菲尔德","演員"
"3151",33151,"迈克尔·康纳·亨弗里斯","演員"
"3152",33152,"Harold G. Herthum","演員"
"3153",33153,"山姆·安德森","演員"
"3154",33154,"Ione M. Telech","演員"
"3155",33155,"彼得·道博森","演員"
"3156",33156,"希芳·法隆","演員"
"3157",33157,"Elizabeth Hanks","演員"
"3158",33158,"汉娜·豪尔","演員"
"3159",33159,"Christopher Jones","演員"
"3160",33160,"Rob Landry","演員"
"3161",33161,"Jason McGuire","演員"
"3162",33162,"桑尼·施罗耶","演員"
"3163",33163,"Ed Davis","演員"
"3164",33164,"丹尼尔C.斯瑞派克","演員"
"3165",33165,"大卫·布里斯宾","演員"
"3166",33166,"Deborah McTeer","演員"
"3167",33167,"Al Harrington","演員"
"3168",33168,"阿非莫·奥米拉","演員"
"3169",33169,"John Voldstad","演員"
"3170",33170,"Michael Burgess","演員"
"3171",33171,"Eric Underwood","演員"
"3172",33172,"Byron Minns","演員"
"3173",33173,"斯蒂芬·布吉格沃特","演員"
"3174",33174,"John William Galt","演員"
"3175",33175,"Hilary Chaplain","演員"
"3176",33176,"Isabel Rose","演員"
"3177",33177,"Richard D'Alessandro","演員"
"3178",33178,"Dick Stilwell","演員"
"3179",33179,"迈克尔-杰斯","演員"
"3180",33180,"杰弗里·布莱克","演員"
"3181",33181,"瓦妮莎·罗斯","演員"
"3182",33182,"迪克·卡维特","演員"
"3183",33183,"马拉·苏查雷特扎","演員"
"3184",33184,"Joe Alaskey","演員"
"3185",33185,"W. Benson Terry","演員"
"3186",33186,"罗伯托·贝尼尼","演員"
"3187",33187,"尼可莱塔·布拉斯基","演員"
"3188",33188,"乔治·坎塔里尼","演員"
"3189",33189,"朱斯蒂诺·杜拉诺","演員"
"3190",33190,"赛尔乔·比尼·布斯特里克","演員"
"3191",33191,"玛丽萨·帕雷德斯","演員"
"3192",33192,"霍斯特·布赫霍尔茨","演員"
"3193",33193,"利迪娅·阿方西","演員"
"3194",33194,"朱利亚娜·洛约迪切","演員"
"3195",33195,"亚美利哥·丰塔尼","演員"
"3196",33196,"彼得·德·席尔瓦","演員"
"3197",33197,"弗朗西斯·古佐","演員"
"3198",33198,"拉法埃拉·莱博罗尼","演員"
"3199",33199,"克劳迪奥·阿方西","演員"
"3200",33200,"吉尔·巴罗尼","演員"
"3201",33201,"马西莫·比安奇","演員"
"3202",33202,"恩尼奥·孔萨尔维","演員"
"3203",33203,"吉安卡尔洛·科森蒂诺","演員"
"3204",33204,"阿伦·克雷格","演員"
"3205",33205,"汉尼斯·赫尔曼","演員"
"3206",33206,"弗兰科·梅斯科利尼","演員"
"3207",33207,"安东尼奥·普雷斯特","演員"
"3208",33208,"吉娜·诺维勒","演員"
"3209",33209,"理查德·塞梅尔","演員"
"3210",33210,"安德烈提多娜","演員"
"3211",33211,"迪尔克·范登贝格","演員"
"3212",33212,"奥梅罗·安东努蒂","演員"
"3213",33213,"比利·赞恩","演員"
"3214",33214,"凯西·贝茨","演員"
"3215",33215,"弗兰西丝·费舍","演員"
"3216",33216,"格劳瑞亚·斯图尔特","演員"
"3217",33217,"比尔·帕克斯顿","演員"
"3218",33218,"大卫·沃纳","演員"
"3219",33219,"维克多·加博","演員"
"3220",33220,"乔纳森·海德","演員"
"3221",33221,"刘易斯·阿伯内西","演員"
"3222",33222,"尼古拉斯·卡斯柯恩","演員"
"3223",33223,"阿那托利·萨加洛维奇","演員"
"3224",33224,"丹尼·努齐","演員"
"3225",33225,"杰森·贝瑞","演員"
"3226",33226,"伊万·斯图尔特","演員"
"3227",33227,"艾恩·格拉法德","演員"
"3228",33228,"乔纳森·菲利普斯","演員"
"3229",33229,"马克·林赛·查普曼","演員"
"3230",33230,"理查德·格拉翰","演員"
"3231",33231,"保罗·布赖特威尔","演員"
"3232",33232,"艾瑞克·布里登","演員"
"3233",33233,"夏洛特·查顿","演員"
"3234",33234,"博纳德·福克斯","演員"
"3235",33235,"迈克尔·英塞恩","演員"
"3236",33236,"法妮·布雷特","演員"
"3237",33237,"罗莎琳·艾尔斯","演員"
"3238",33238,"罗切尔·罗斯","演員"
"3239",33239,"乔纳森·伊万斯-琼斯","演員"
"3240",33240,"西蒙·克雷恩","演員"
"3241",33241,"爱德华德·弗莱彻","演員"
"3242",33242,"斯科特·安德森","演員"
"3243",33243,"马丁·伊斯特","演員"
"3244",33244,"克雷格·凯利","演員"
"3245",33245,"格雷戈里·库克","演員"
"3246",33246,"利亚姆·图伊","演員"
"3247",33247,"詹姆斯·兰开斯特","演員"
"3248",33248,"艾尔莎·瑞雯","演員"
"3249",33249,"卢·帕尔特","演員"
"3250",33250,"泰瑞·佛瑞斯塔","演員"
"3251",33251,"凯文·德·拉·诺伊","演員"
"3252",33252,"柊瑠美","演員"
"3253",33253,"入野自由","演員"
"3254",33254,"夏木真理","演員"
"3255",33255,"菅原文太","演員"
"3256",33256,"中村彰男","演員"
"3257",33257,"玉井夕海","演員"
"3258",33258,"内藤刚志","演員"
"3259",33259,"泽口靖子","演員"
"3260",33260,"小林郁夫","演員"
"3261",33261,"小野武彦","演員"
"3262",33262,"卡罗琳·古多尔","演員"
"3263",33263,"乔纳森·萨加尔","演員"
"3264",33264,"艾伯丝·戴维兹","演員"
"3265",33265,"马尔戈萨·格贝尔","演員"
"3266",33266,"碧翠斯·马科拉","演員"
"3267",33267,"安德烈·瑟韦林","演員"
"3268",33268,"弗里德里希·冯·图恩","演員"
"3269",33269,"克齐斯茨托夫·拉夫特","演員"
"3270",33270,"诺伯特·魏塞尔","演員"
"3271",33271,"艾伦·佩吉","演員"
"3272",33272,"渡边谦","演員"
"3273",33273,"汤姆·贝伦杰","演員"
"3274",33274,"卢卡斯·哈斯","演員"
"3275",33275,"李太力","演員"
"3276",33276,"克莱尔·吉尔蕾","演員"
"3277",33277,"马格努斯·诺兰","演員"
"3278",33278,"泰勒·吉蕾","演員"
"3279",33279,"乔纳森·吉尔","演員"
"3280",33280,"水源士郎","演員"
"3281",33281,"冈本玉二","演員"
"3282",33282,"厄尔·卡梅伦","演員"
"3283",33283,"瑞恩·海沃德","演員"
"3284",33284,"米兰达·诺兰","演員"
"3285",33285,"蒂姆·科勒赫","演員"
"3286",33286,"理查·基尔","演員"
"3287",33287,"萨拉·罗默尔","演員"
"3288",33288,"罗比·萨布莱特","演員"
"3289",33289,"艾瑞克·阿瓦利","演員"
"3290",33290,"杰森·亚历山大","演員"
"3291",33291,"罗伯特·卡普荣","演員"
"3292",33292,"本·贝尔特","演員"
"3293",33293,"艾丽莎·奈特","演員"
"3294",33294,"杰夫·格尔林","演員"
"3295",33295,"佛莱德·威拉特","演員"
"3296",33296,"MacInTalk","演員"
"3297",33297,"凯茜·纳基麦","演員"
"3298",33298,"泰迪·牛顿","演員"
"3299",33299,"鲍伯·伯根","演員"
"3300",33300,"洛丽·理查德森","演員"
"3301",33301,"吉姆·瓦德","演員"
"3302",33302,"安德鲁·斯坦顿","演員"
"3303",33303,"杰夫·皮金","演員"
"3304",33304,"克莱特·惠特克","演員"
"3305",33305,"扬·拉布森","演員"
"3306",33306,"保罗·伊丁","演員"
"3307",33307,"马达范","演員"
"3308",33308,"沙尔曼·乔希","演員"
"3309",33309,"奥米·瓦依达","演員"
"3310",33310,"博曼·伊拉尼","演員"
"3311",33311,"莫娜·辛格","演員"
"3312",33312,"拉杰夫·拉宾德拉纳特安","演員"
"3313",33313,"普路特·泰勒·文斯","演員"
"3314",33314,"比尔·努恩","演員"
"3315",33315,"克兰伦斯·威廉姆斯三世","演員"
"3316",33316,"梅兰尼·蒂埃里","演員"
"3317",33317,"加布里埃莱·拉维亚","演員"
"3318",33318,"皮特·沃恩","演員"
"3319",33319,"Niall O'Brien","演員"
"3320",33320,"阿尔贝托·巴斯克斯","演員"
"3321",33321,"Luigi De Luca","演員"
"3322",33322,"费米·依鲁福祖","演員"
"3323",33323,"Easton Gage","演員"
"3324",33324,"Cory Buck","演員"
"3325",33325,"Sidney Cole","演員"
"3326",33326,"布莱恩·普林格","演員"
"3327",33327,"希思科特·威廉姆斯","演員"
"3328",33328,"凯文·麦克纳利","演員"
"3329",33329,"沙拉·鲁宾","演員"
"3330",33330,"阿妮妲·扎格利亚","演員"
"3331",33331,"Angelo Di Loreta","演員"
"3332",33332,"热拉尔·朱尼奥","演員"
"3333",33333,"弗朗索瓦·贝莱昂","演員"
"3334",33334,"凯德·麦拉德","演員"
"3335",33335,"让-保罗·博奈雷","演員"
"3336",33336,"玛丽·布奈尔","演員"
"3337",33337,"让-巴蒂斯特·莫尼耶","演員"
"3338",33338,"马科森斯·珀林","演員"
"3339",33339,"格雷戈里·加迪诺尔","演員"
"3340",33340,"托马斯·布伦门塔尔","演員"
"3341",33341,"西里尔·伯尔尼科特","演員"
"3342",33342,"西蒙·法戈特","演員"
"3343",33343,"泰奥杜尔·卡雷-卡赛尼","演員"
"3344",33344,"菲利普·杜·詹纳兰德","演員"
"3345",33345,"埃里克·德斯玛莱茨","演員"
"3346",33346,"狄迪尔·弗拉蒙","演員"
"3347",33347,"金·凯瑞","演員"
"3348",33348,"诺亚·艾默里奇","演員"
"3349",33349,"娜塔莎·麦克艾霍恩","演員"
"3350",33350,"蔡少芬","演員"
"3351",33351,"杰西卡·查斯坦","演員"
"3352",33352,"麦肯吉·弗依","演員"
"3353",33353,"约翰·利思戈","演員"
"3354",33354,"大卫·吉雅西","演員"
"3355",33355,"比尔·欧文","演員"
"3356",33356,"托弗·戈瑞斯","演員"
"3357",33357,"科莱特·沃夫","演員"
"3358",33358,"弗朗西斯·X·麦卡蒂","演員"
"3359",33359,"安德鲁·博尔巴","演員"
"3360",33360,"莱雅·卡里恩斯","演員"
"3361",33361,"杰夫·赫普内尔","演員"
"3362",33362,"伊莱耶斯·加贝尔","演員"
"3363",33363,"大卫·奥伊罗","演員"
"3364",33364,"威廉姆·德瓦内","演員"
"3365",33365,"格里芬·弗雷泽","演員"
"3366",33366,"弗洛拉·诺兰","演員"
"3367",33367,"日高法子","演員"
"3368",33368,"糸井重里","演員"
"3369",33369,"北林谷荣","演員"
"3370",33370,"高木均","演員"
"3371",33371,"雨笠利幸","演員"
"3372",33372,"广濑正志","演員"
"3373",33373,"铃木玲子","演員"
"3374",33374,"千叶繁","演員"
"3375",33375,"龙田直树","演員"
"3376",33376,"西村朋纮","演員"
"3377",33377,"石田光子","演員"
"3378",33378,"神代知衣","演員"
"3379",33379,"中村大树","演員"
"3380",33380,"水谷优子","演員"
"3381",33381,"平松晶子","演員"
"3382",33382,"大谷育江","演員"
"3383",33383,"马龙·白兰度","演員"
"3384",33384,"理查德·卡斯特尔诺","演員"
"3385",33385,"斯特林·海登","演員"
"3386",33386,"约翰·马利","演員"
"3387",33387,"理查德·康特","演員"
"3388",33388,"艾尔·勒提埃里","演員"
"3389",33389,"阿贝·维高达","演員"
"3390",33390,"吉亚尼·罗素","演員"
"3391",33391,"鲁迪·邦德","演員"
"3392",33392,"孔侑","演員"
"3393",33393,"郑有美","演員"
"3394",33394,"金志映","演員"
"3395",33395,"金贤秀","演員"
"3396",33396,"郑仁絮","演員"
"3397",33397,"白承焕","演員"
"3398",33398,"张光","演員"
"3399",33399,"严孝燮","演員"
"3400",33400,"郑秀文","演員"
"3401",33401,"陈慧琳","演員"
"3402",33402,"余文乐","演員"
"3403",33403,"杜汶泽","演員"
"3404",33404,"林家栋","演員"
"3405",33405,"萧亚轩","演員"
"3406",33406,"金妮弗·古德温","演員"
"3407",33407,"杰森·贝特曼","演員"
"3408",33408,"伊德里斯·艾尔巴","演員"
"3409",33409,"珍妮·斯蕾特","演員"
"3410",33410,"内特·托伦斯","演員"
"3411",33411,"唐·雷克","演員"
"3412",33412,"汤米·钟","演員"
"3413",33413,"奥克塔维亚·斯宾瑟","演員"
"3414",33414,"夏奇拉","演員"
"3415",33415,"德拉·萨巴","演員"
"3416",33416,"吉塔·雷迪","演員"
"3417",33417,"杰西·科尔蒂","演員"
"3418",33418,"汤米·利斯特","演員"
"3419",33419,"乔希·达拉斯","演員"
"3420",33420,"凯斯·索西","演員"
"3421",33421,"彼得·曼斯布里奇","演員"
"3422",33422,"拜伦·霍华德","演員"
"3423",33423,"杰拉德·布什","演員"
"3424",33424,"马克·史密斯","演員"
"3425",33425,"约翰·拉维尔","演員"
"3426",33426,"克里斯汀·贝尔","演員"
"3427",33427,"吉尔·科德斯","演員"
"3428",33428,"梅利莎·古德温","演員"
"3429",33429,"威尔·史密斯","演員"
"3430",33430,"贾登·史密斯","演員"
"3431",33431,"詹姆斯·凯伦","演員"
"3432",33432,"丹·卡斯泰兰尼塔","演員"
"3433",33433,"柯特·富勒","演員"
"3434",33434,"塔卡尤·费舍尔","演員"
"3435",33435,"凯文·韦斯特","演員"
"3436",33436,"乔治·张","演員"
"3437",33437,"戴维·迈克尔·西尔弗曼","演員"
"3438",33438,"多米尼克·博夫","演員"
"3439",33439,"杰弗·卡伦","演員"
"3440",33440,"乔伊芙·拉文","演員"
"3441",33441,"斯科特·克拉斯","演員"
"3442",33442,"玛德琳·卡罗尔","演員"
"3443",33443,"卡兰·麦克奥利菲","演員"
"3444",33444,"瑞贝卡·德·莫妮","演員"
"3445",33445,"安东尼·爱德华兹","演員"
"3446",33446,"约翰·马奥尼","演員"
"3447",33447,"佩内洛普·安·米勒","演員"
"3448",33448,"凯文·韦斯曼","演員"
"3449",33449,"摩根·莉莉","演員"
"3450",33450,"瑞安·克茨纳","演員"
"3451",33451,"吉莉安·普法夫","演員"
"3452",33452,"迈克尔·博萨","演員"
"3453",33453,"博·勒纳","演員"
"3454",33454,"杰奎琳·埃沃拉","演員"
"3455",33455,"泰勒·格鲁秀斯","演員"
"3456",33456,"艾莉·布莱恩特","演員"
"3457",33457,"阿什莉·泰勒","演員"
"3458",33458,"伊瑟尔·布罗萨德","演員"
"3459",33459,"科迪·霍恩","演員"
"3460",33460,"迈克尔·博尔顿","演員"
"3461",33461,"肖恩·哈珀","演員"
"3462",33462,"帕特丽夏·伦茨","演員"
"3463",33463,"马修·戈尔德","演員"
"3464",33464,"阿罗拉·凯瑟琳·史密斯","演員"
"3465",33465,"凯莉·唐纳利","演員"
"3466",33466,"索菲亚·撒高","演員"
"3467",33467,"米歇尔·梅斯默","演員"
"3468",33468,"Scott Joel Gizicki","演員"
"3469",33469,"Rod Myers","演員"
"3470",33470,"Kara Pacitto","演員"
"3471",33471,"Katelyn Pacitto","演員"
