"","movie_url"
"1",""
"2","https://movie.douban.com/subject/1851857/"
"3","https://movie.douban.com/subject/1300267/"
"4","https://movie.douban.com/subject/1292365/"
"5","https://movie.douban.com/subject/1929463/"
"6","https://movie.douban.com/subject/1296141/"
"7","https://movie.douban.com/subject/1291828/"
"8","https://movie.douban.com/subject/1291858/"
"9","https://movie.douban.com/subject/1291552/"
"10","https://movie.douban.com/subject/1293182/"
"11","https://movie.douban.com/subject/1291583/"
"12","https://movie.douban.com/subject/26387939/"
"13","https://movie.douban.com/subject/2129039/"
"14","https://movie.douban.com/subject/1299398/"
"15","https://movie.douban.com/subject/1292000/"
"16","https://movie.douban.com/subject/1293839/"
"17","https://movie.douban.com/subject/1308807/"
"18","https://movie.douban.com/subject/1298624/"
"19","https://movie.douban.com/subject/21937445/"
"20","https://movie.douban.com/subject/1900841/"
"21","https://movie.douban.com/subject/1293172/"
"22","https://movie.douban.com/subject/1293350/"
"23","https://movie.douban.com/subject/1292224/"
"24","https://movie.douban.com/subject/1291548/"
"25","https://movie.douban.com/subject/21937452/"
"26","https://movie.douban.com/subject/20495023/"
"27","https://movie.douban.com/subject/1291572/"
"28","https://movie.douban.com/subject/1299131/"
"29","https://movie.douban.com/subject/1309046/"
"30","https://movie.douban.com/subject/1291571/"
"31","https://movie.douban.com/subject/3442220/"
"32","https://movie.douban.com/subject/1291818/"
"33","https://movie.douban.com/subject/1301753/"
"34","https://movie.douban.com/subject/1306029/"
"35","https://movie.douban.com/subject/1292220/"
"36","https://movie.douban.com/subject/1296736/"
"37","https://movie.douban.com/subject/1485260/"
"38","https://movie.douban.com/subject/1292262/"
"39","https://movie.douban.com/subject/26580232/"
"40","https://movie.douban.com/subject/1291843/"
"41","https://movie.douban.com/subject/1303021/"
"42","https://movie.douban.com/subject/1292402/"
"43","https://movie.douban.com/subject/1418019/"
"44","https://movie.douban.com/subject/1295038/"
"45","https://movie.douban.com/subject/3742360/"
"46","https://movie.douban.com/subject/1292849/"
"47","https://movie.douban.com/subject/1780330/"
"48","https://movie.douban.com/subject/1292223/"
"49","https://movie.douban.com/subject/1787291/"
"50","https://movie.douban.com/subject/1294408/"
"51","https://movie.douban.com/subject/1291832/"
"52","https://movie.douban.com/subject/1293544/"
"53","https://movie.douban.com/subject/1292215/"
"54","https://movie.douban.com/subject/1305487/"
"55","https://movie.douban.com/subject/1294639/"
"56","https://movie.douban.com/subject/1292343/"
"57","https://movie.douban.com/subject/1292370/"
"58","https://movie.douban.com/subject/1292679/"
"59","https://movie.douban.com/subject/1292656/"
"60","https://movie.douban.com/subject/2334904/"
"61","https://movie.douban.com/subject/11525673/"
"62","https://movie.douban.com/subject/3008247/"
"63","https://movie.douban.com/subject/2149806/"
"64","https://movie.douban.com/subject/1652587/"
"65","https://movie.douban.com/subject/1297359/"
"66","https://movie.douban.com/subject/1291875/"
"67","https://movie.douban.com/subject/1297192/"
"68","https://movie.douban.com/subject/1297630/"
"69","https://movie.douban.com/subject/1298070/"
"70","https://movie.douban.com/subject/6985810/"
"71","https://movie.douban.com/subject/1418834/"
"72","https://movie.douban.com/subject/3072124/"
"73","https://movie.douban.com/subject/1291999/"
"74","https://movie.douban.com/subject/1294371/"
"75","https://movie.douban.com/subject/1302425/"
"76","https://movie.douban.com/subject/4268598/"
"77","https://movie.douban.com/subject/1291545/"
"78","https://movie.douban.com/subject/21318488/"
"79","https://movie.douban.com/subject/1292434/"
"80","https://movie.douban.com/subject/1316510/"
"81","https://movie.douban.com/subject/4917726/"
"82","https://movie.douban.com/subject/1305164/"
"83","https://movie.douban.com/subject/1296339/"
"84","https://movie.douban.com/subject/25814705/"
"85","https://movie.douban.com/subject/2353023/"
"86","https://movie.douban.com/subject/1297052/"
"87","https://movie.douban.com/subject/26799731/"
"88","https://movie.douban.com/subject/1865703/"
"89","https://movie.douban.com/subject/1297447/"
"90","https://movie.douban.com/subject/21360417/"
"91","https://movie.douban.com/subject/1291585/"
"92","https://movie.douban.com/subject/5322596/"
"93","https://movie.douban.com/subject/1292208/"
"94","https://movie.douban.com/subject/1291990/"
"95","https://movie.douban.com/subject/1293359/"
"96","https://movie.douban.com/subject/1292274/"
"97","https://movie.douban.com/subject/3011235/"
"98","https://movie.douban.com/subject/25814707/"
"99","https://movie.douban.com/subject/1300299/"
"100","https://movie.douban.com/subject/10777687/"
"101","https://movie.douban.com/subject/3287562/"
"102","https://movie.douban.com/subject/4202302/"
"103","https://movie.douban.com/subject/5989818/"
"104","https://movie.douban.com/subject/1306249/"
"105","https://movie.douban.com/subject/3395373/"
"106","https://movie.douban.com/subject/11026735/"
"107","https://movie.douban.com/subject/1291579/"
"108","https://movie.douban.com/subject/3792799/"
"109","https://movie.douban.com/subject/1417598/"
"110","https://movie.douban.com/subject/1295399/"
"111","https://movie.douban.com/subject/1578507/"
"112","https://movie.douban.com/subject/1292401/"
"113","https://movie.douban.com/subject/1292337/"
"114","https://movie.douban.com/subject/1907966/"
"115","https://movie.douban.com/subject/1303037/"
"116","https://movie.douban.com/subject/1297574/"
"117","https://movie.douban.com/subject/1293318/"
"118","https://movie.douban.com/subject/1292328/"
"119","https://movie.douban.com/subject/2209573/"
"120","https://movie.douban.com/subject/1978709/"
"121","https://movie.douban.com/subject/1304447/"
"122","https://movie.douban.com/subject/26325320/"
"123","https://movie.douban.com/subject/1418200/"
"124","https://movie.douban.com/subject/25917973/"
"125","https://movie.douban.com/subject/10577869/"
"126","https://movie.douban.com/subject/24750126/"
"127","https://movie.douban.com/subject/1295409/"
"128","https://movie.douban.com/subject/1291870/"
"129","https://movie.douban.com/subject/1294240/"
"130","https://movie.douban.com/subject/1793929/"
"131","https://movie.douban.com/subject/1858711/"
"132","https://movie.douban.com/subject/1300992/"
"133","https://movie.douban.com/subject/1291822/"
"134","https://movie.douban.com/subject/1291557/"
"135","https://movie.douban.com/subject/25980443/"
"136","https://movie.douban.com/subject/3443389/"
"137","https://movie.douban.com/subject/1309163/"
"138","https://movie.douban.com/subject/1296909/"
"139","https://movie.douban.com/subject/4848115/"
"140","https://movie.douban.com/subject/6307447/"
"141","https://movie.douban.com/subject/26430107/"
"142","https://movie.douban.com/subject/10533913/"
"143","https://movie.douban.com/subject/26611804/"
"144","https://movie.douban.com/subject/6534248/"
"145","https://movie.douban.com/subject/1293460/"
"146","https://movie.douban.com/subject/1291578/"
"147","https://movie.douban.com/subject/26683290/"
"148","https://movie.douban.com/subject/1295865/"
"149","https://movie.douban.com/subject/1306861/"
"150","https://movie.douban.com/subject/25773932/"
"151","https://movie.douban.com/subject/1302827/"
"152","https://movie.douban.com/subject/1395091/"
"153","https://movie.douban.com/subject/1937946/"
"154","https://movie.douban.com/subject/1293964/"
"155","https://movie.douban.com/subject/26628357/"
"156","https://movie.douban.com/subject/10463953/"
"157","https://movie.douban.com/subject/1292528/"
"158","https://movie.douban.com/subject/25724855/"
"159","https://movie.douban.com/subject/1959195/"
"160","https://movie.douban.com/subject/3011051/"
"161","https://movie.douban.com/subject/1291879/"
"162","https://movie.douban.com/subject/26614893/"
"163","https://movie.douban.com/subject/1307811/"
"164","https://movie.douban.com/subject/1305690/"
"165","https://movie.douban.com/subject/1760622/"
"166","https://movie.douban.com/subject/1307315/"
"167","https://movie.douban.com/subject/2297265/"
"168","https://movie.douban.com/subject/1302467/"
"169","https://movie.douban.com/subject/25895901/"
"170","https://movie.douban.com/subject/2213597/"
"171","https://movie.douban.com/subject/1308857/"
"172","https://movie.douban.com/subject/1308767/"
"173","https://movie.douban.com/subject/1304102/"
"174","https://movie.douban.com/subject/1419936/"
"175","https://movie.douban.com/subject/1292329/"
"176","https://movie.douban.com/subject/2363506/"
"177","https://movie.douban.com/subject/1293181/"
"178","https://movie.douban.com/subject/1303394/"
"179","https://movie.douban.com/subject/1862151/"
"180","https://movie.douban.com/subject/5964718/"
"181","https://movie.douban.com/subject/1397546/"
"182","https://movie.douban.com/subject/1428581/"
"183","https://movie.douban.com/subject/1291844/"
"184","https://movie.douban.com/subject/3075287/"
"185","https://movie.douban.com/subject/4739952/"
"186","https://movie.douban.com/subject/2222996/"
"187","https://movie.douban.com/subject/26393561/"
"188","https://movie.douban.com/subject/1292287/"
"189","https://movie.douban.com/subject/6874403/"
"190","https://movie.douban.com/subject/1388216/"
"191","https://movie.douban.com/subject/10808442/"
"192","https://movie.douban.com/subject/1292270/"
"193","https://movie.douban.com/subject/25958717/"
"194","https://movie.douban.com/subject/1438652/"
"195","https://movie.douban.com/subject/1291568/"
"196","https://movie.douban.com/subject/1293908/"
"197","https://movie.douban.com/subject/1300374/"
"198","https://movie.douban.com/subject/25807345/"
"199","https://movie.douban.com/subject/1428175/"
"200","https://movie.douban.com/subject/1292226/"
"201","https://movie.douban.com/subject/2300586/"
"202","https://movie.douban.com/subject/1294638/"
"203","https://movie.douban.com/subject/1291992/"
"204","https://movie.douban.com/subject/25954475/"
"205","https://movie.douban.com/subject/1291543/"
"206","https://movie.douban.com/subject/1292728/"
"207","https://movie.douban.com/subject/1292659/"
"208","https://movie.douban.com/subject/1292233/"
"209","https://movie.douban.com/subject/1401118/"
"210","https://movie.douban.com/subject/1291824/"
"211","https://movie.douban.com/subject/2043546/"
"212","https://movie.douban.com/subject/1292214/"
"213","https://movie.douban.com/subject/5908478/"
"214","https://movie.douban.com/subject/1296753/"
"215","https://movie.douban.com/subject/4023638/"
"216","https://movie.douban.com/subject/1300117/"
"217","https://movie.douban.com/subject/26787574/"
"218","https://movie.douban.com/subject/3592854/"
"219","https://movie.douban.com/subject/1867345/"
"220","https://movie.douban.com/subject/1292062/"
"221","https://movie.douban.com/subject/25921812/"
"222","https://movie.douban.com/subject/1298653/"
"223","https://movie.douban.com/subject/1300960/"
"224","https://movie.douban.com/subject/1300741/"
"225","https://movie.douban.com/subject/27191492/"
"226","https://movie.douban.com/subject/10437779/"
"227","https://movie.douban.com/subject/6786002/"
"228","https://movie.douban.com/subject/1292052/"
"229","https://movie.douban.com/subject/1291546/"
"230","https://movie.douban.com/subject/1295644/"
"231","https://movie.douban.com/subject/1292720/"
"232","https://movie.douban.com/subject/1292063/"
"233","https://movie.douban.com/subject/1292722/"
"234","https://movie.douban.com/subject/1291561/"
"235","https://movie.douban.com/subject/1295124/"
"236","https://movie.douban.com/subject/3541415/"
"237","https://movie.douban.com/subject/3011091/"
"238","https://movie.douban.com/subject/2131459/"
"239","https://movie.douban.com/subject/3793023/"
"240","https://movie.douban.com/subject/1292001/"
"241","https://movie.douban.com/subject/1291549/"
"242","https://movie.douban.com/subject/1292064/"
"243","https://movie.douban.com/subject/1292213/"
"244","https://movie.douban.com/subject/1889243/"
"245","https://movie.douban.com/subject/1291560/"
"246","https://movie.douban.com/subject/1291841/"
"247","https://movie.douban.com/subject/5912992/"
"248","https://movie.douban.com/subject/1307914/"
"249","https://movie.douban.com/subject/25662329/"
"250","https://movie.douban.com/subject/1849031/"
"251","https://movie.douban.com/subject/3319755/"
"252","https://movie.douban.com/subject/6786002/"
